scenario,matrix,period,period_label,in_file,csv_file,matrix_header,pairs_in_file,pairs_in_taz,duplicate_pairs,negative_values,total_trips_in_file,total_trips_in_csv,total_trips_off_taz,pct_trips_in_csv,off_taz_origin_zones,off_taz_dest_zones,nonzero_cells,zones
2018,AUTOTOT,a,AM,Matrices/2018/EMME/AUTOTOT_a.in,Matrices/2018/CSV/AUTOTOT_a.csv,"a matrix=mf99   AutoTt                                       0 sc=11971, Auto total=mf42+mf17 round .1",796703,756283,0,0,556994.603837,493916.503118,63078.100719,88.6753,53,55,756283,1310
2018,AUTOTOT,o,Offpeak,Matrices/2018/EMME/AUTOTOT_o.in,Matrices/2018/CSV/AUTOTOT_o.csv,"a matrix=mf99   AutoTt                                       0 sc=31971, Auto total=mf42+mf17 round .1",685902,643260,0,0,312647.601154,269770.200872,42877.400282,86.2857,55,55,643260,1310
2018,AUTOTOT,p,PM,Matrices/2018/EMME/AUTOTOT_p.in,Matrices/2018/CSV/AUTOTOT_p.csv,"a matrix=mf99   AutoTt                                       0 sc=21971, Auto total=mf42+mf17 round .1",879756,836795,0,0,482670.502437,434238.902082,48431.600355,89.9659,55,55,836795,1310
2018,PRKRTotDemand,a,AM,Matrices/2018/EMME/PRKRTotDemand_a.in,Matrices/2018/CSV/PRKRTotDemand_a.csv,a matrix=mf99   PRKR_a                                       0 a: P&R+K&R Tot Demand,173443,153285,0,0,12082.871335,10405.357883,1677.513452,86.1166,20,16,153285,1310
2018,PRKRTotDemand,o,Offpeak,Matrices/2018/EMME/PRKRTotDemand_o.in,Matrices/2018/CSV/PRKRTotDemand_o.csv,a matrix=mf99   PRKR_o                                       0 o: P&R+K&R Tot Demand,90633,90633,0,0,2357.187641,2357.187641,0.000000,100.0000,0,0,90633,1310
2018,PRKRTotDemand,p,PM,Matrices/2018/EMME/PRKRTotDemand_p.in,Matrices/2018/CSV/PRKRTotDemand_p.csv,a matrix=mf99   PRKR_p                                       0 p: P&R+K&R Tot Demand,26621,26621,0,0,683.948854,683.948854,0.000000,100.0000,0,0,26621,1310
2018,TransitTotDemand,a,AM,Matrices/2018/EMME/TransitTotDemand_a.in,Matrices/2018/CSV/TransitTotDemand_a.csv,a matrix=mf99   TrDm_a                                       0 a: Transit Tot Demand,494289,455240,0,0,116740.610003,95179.090674,21561.519328,81.5304,26,52,455240,1310
2018,TransitTotDemand,o,Offpeak,Matrices/2018/EMME/TransitTotDemand_o.in,Matrices/2018/CSV/TransitTotDemand_o.csv,a matrix=mf99   TrDm_o                                       0 o: Transit Tot Demand,626993,577602,0,0,71793.610115,60410.220456,11383.389659,84.1443,19,53,577602,1310
2018,TransitTotDemand,p,PM,Matrices/2018/EMME/TransitTotDemand_p.in,Matrices/2018/CSV/TransitTotDemand_p.csv,a matrix=mf99   TrDm_p                                       0 p: Transit Tot Demand,583572,530004,0,0,87506.980756,72015.502091,15491.478665,82.2969,19,53,530004,1310
2050_BU,AUTOTOT,a,AM,Matrices/2050_BU/EMME/AUTOTOT_a.in,Matrices/2050_BU/CSV/AUTOTOT_a.csv,"a matrix=mf99   AutoTt                                       0 sc=15971, Auto total=mf42+mf17 round .1",861801,812633,0,0,718378.805684,572469.203939,145909.601746,79.6890,79,85,812633,1310
2050_BU,AUTOTOT,o,Offpeak,Matrices/2050_BU/EMME/AUTOTOT_o.in,Matrices/2050_BU/CSV/AUTOTOT_o.csv,"a matrix=mf99   AutoTt                                       0 sc=35971, Auto total=mf42+mf17 round .1",782401,732668,0,0,433653.502607,337425.601535,96227.901073,77.8100,79,79,732668,1310
2050_BU,AUTOTOT,p,PM,Matrices/2050_BU/EMME/AUTOTOT_p.in,Matrices/2050_BU/CSV/AUTOTOT_p.csv,"a matrix=mf99   AutoTt                                       0 sc=25971, Auto total=mf42+mf17 round .1",978540,927750,0,0,637896.704183,529048.302965,108848.401219,82.9364,79,79,927750,1310
2050_BU,PRKRTotDemand,a,AM,Matrices/2050_BU/EMME/PRKRTotDemand_a.in,Matrices/2050_BU/CSV/PRKRTotDemand_a.csv,a matrix=mf99   PRKR_a                                       0 a: P&R+K&R Tot Demand,334080,297406,0,0,41320.214999,34608.203413,6712.011586,83.7561,22,19,297406,1310
2050_BU,PRKRTotDemand,o,Offpeak,Matrices/2050_BU/EMME/PRKRTotDemand_o.in,Matrices/2050_BU/CSV/PRKRTotDemand_o.csv,a matrix=mf99   PRKR_o                                       0 o: P&R+K&R Tot Demand,258703,258703,0,0,11596.585083,11596.585083,0.000000,100.0000,0,0,258703,1310
2050_BU,PRKRTotDemand,p,PM,Matrices/2050_BU/EMME/PRKRTotDemand_p.in,Matrices/2050_BU/CSV/PRKRTotDemand_p.csv,a matrix=mf99   PRKR_p                                       0 p: P&R+K&R Tot Demand,111240,111240,0,0,3939.284604,3939.284604,0.000000,100.0000,0,0,111240,1310
2050_BU,TransitTotDemand,a,AM,Matrices/2050_BU/EMME/TransitTotDemand_a.in,Matrices/2050_BU/CSV/TransitTotDemand_a.csv,a matrix=mf99   TrDm_a                                       0 a: Transit Tot Demand,928460,862681,0,0,392254.511464,291570.300528,100684.210937,74.3319,28,77,862681,1310
2050_BU,TransitTotDemand,o,Offpeak,Matrices/2050_BU/EMME/TransitTotDemand_o.in,Matrices/2050_BU/CSV/TransitTotDemand_o.csv,a matrix=mf99   TrDm_o                                       0 o: Transit Tot Demand,1055584,981014,0,0,200088.044940,157365.304983,42722.739958,78.6480,20,77,981014,1310
2050_BU,TransitTotDemand,p,PM,Matrices/2050_BU/EMME/TransitTotDemand_p.in,Matrices/2050_BU/CSV/TransitTotDemand_p.csv,a matrix=mf99   TrDm_p                                       0 p: Transit Tot Demand,1008320,929539,0,0,251884.900586,189615.950089,62268.950497,75.2788,20,77,929539,1310
2050_HS,AUTOTOT,a,AM,Matrices/2050_HS/EMME/AUTOTOT_a.in,Matrices/2050_HS/CSV/AUTOTOT_a.csv,"a matrix=mf99   AutoTt                                       0 sc=15972, Auto total=mf42+mf17 round .1",868547,818889,0,0,726172.105743,578658.803923,147513.301820,79.6862,79,85,818889,1310
2050_HS,AUTOTOT,o,Offpeak,Matrices/2050_HS/EMME/AUTOTOT_o.in,Matrices/2050_HS/CSV/AUTOTOT_o.csv,"a matrix=mf99   AutoTt                                       0 sc=35972, Auto total=mf42+mf17 round .1",791038,740394,0,0,443529.902656,340301.401438,103228.501219,76.7257,79,79,740394,1310
2050_HS,AUTOTOT,p,PM,Matrices/2050_HS/EMME/AUTOTOT_p.in,Matrices/2050_HS/CSV/AUTOTOT_p.csv,"a matrix=mf99   AutoTt                                       0 sc=25972, Auto total=mf42+mf17 round .1",987917,937660,0,0,647805.504457,536320.303063,111485.201395,82.7903,79,79,937660,1310
2050_HS,PRKRTotDemand,a,AM,Matrices/2050_HS/EMME/PRKRTotDemand_a.in,Matrices/2050_HS/CSV/PRKRTotDemand_a.csv,a matrix=mf99   PRKR_a                                       0 a: P&R+K&R Tot Demand,345537,308384,0,0,40825.448371,35306.620881,5518.827490,86.4819,22,19,308384,1310
2050_HS,PRKRTotDemand,o,Offpeak,Matrices/2050_HS/EMME/PRKRTotDemand_o.in,Matrices/2050_HS/CSV/PRKRTotDemand_o.csv,a matrix=mf99   PRKR_o                                       0 o: P&R+K&R Tot Demand,264945,264945,0,0,11508.133949,11508.133949,0.000000,100.0000,0,0,264945,1310
2050_HS,PRKRTotDemand,p,PM,Matrices/2050_HS/EMME/PRKRTotDemand_p.in,Matrices/2050_HS/CSV/PRKRTotDemand_p.csv,a matrix=mf99   PRKR_p                                       0 p: P&R+K&R Tot Demand,114526,114526,0,0,3995.198010,3995.198010,0.000000,100.0000,0,0,114526,1310
2050_HS,TransitTotDemand,a,AM,Matrices/2050_HS/EMME/TransitTotDemand_a.in,Matrices/2050_HS/CSV/TransitTotDemand_a.csv,a matrix=mf99   TrDm_a                                       0 a: Transit Tot Demand,948150,882203,0,0,410393.188044,299938.718229,110454.469815,73.0857,28,77,882203,1310
2050_HS,TransitTotDemand,o,Offpeak,Matrices/2050_HS/EMME/TransitTotDemand_o.in,Matrices/2050_HS/CSV/TransitTotDemand_o.csv,a matrix=mf99   TrDm_o                                       0 o: Transit Tot Demand,1069742,994764,0,0,211989.354213,159847.247370,52142.106843,75.4034,20,77,994764,1310
2050_HS,TransitTotDemand,p,PM,Matrices/2050_HS/EMME/TransitTotDemand_p.in,Matrices/2050_HS/CSV/TransitTotDemand_p.csv,a matrix=mf99   TrDm_p                                       0 p: Transit Tot Demand,1027385,948312,0,0,257115.466534,194310.669890,62804.796644,75.5733,20,77,948312,1310
