scenario,matrix,period,zone,trips_from_zone,trips_to_zone
2018,AUTOTOT,a,100,4.200000,691.900013
2018,AUTOTOT,a,101,2.200000,243.600004
2018,AUTOTOT,a,102,2.600000,407.100010
2018,AUTOTOT,a,104,6.500000,416.000013
2018,AUTOTOT,a,107,20.900000,819.300019
2018,AUTOTOT,a,108,1.900000,279.400009
2018,AUTOTOT,a,109,0.200000,47.100001
2018,AUTOTOT,a,110,1.200000,195.800003
2018,AUTOTOT,a,111,1.300000,356.500007
2018,AUTOTOT,a,112,2.300000,407.900013
2018,AUTOTOT,a,113,1.100000,161.600006
2018,AUTOTOT,a,114,2.500000,279.100005
2018,AUTOTOT,a,116,1.600000,291.000010
2018,AUTOTOT,a,118,1.700000,331.600004
2018,AUTOTOT,a,120,1.400000,304.200005
2018,AUTOTOT,a,121,1.300000,290.300007
2018,AUTOTOT,a,122,2.600000,304.900006
2018,AUTOTOT,a,123,4.800000,551.000015
2018,AUTOTOT,a,124,2.300000,376.600009
2018,AUTOTOT,a,125,3.300000,477.600005
2018,AUTOTOT,a,128,1.600000,435.500003
2018,AUTOTOT,a,129,3.700000,967.300025
2018,AUTOTOT,a,130,0.300000,48.800001
2018,AUTOTOT,a,131,12.900000,631.600006
2018,AUTOTOT,a,132,9.900000,330.900003
2018,AUTOTOT,a,133,7.400000,74.400001
2018,AUTOTOT,a,134,4.100000,77.600001
2018,AUTOTOT,a,136,7.300000,81.500002
2018,AUTOTOT,a,137,10.800000,107.500002
2018,AUTOTOT,a,139,2.900000,60.700000
2018,AUTOTOT,a,143,21.300000,358.300005
2018,AUTOTOT,a,145,0.700000,149.000001
2018,AUTOTOT,a,146,0.000000,20.100000
2018,AUTOTOT,a,9101,3355.700046,2719.500033
2018,AUTOTOT,a,9102,1190.500011,1138.900013
2018,AUTOTOT,a,9103,413.000005,150.100001
2018,AUTOTOT,a,9104,1262.300004,498.700002
2018,AUTOTOT,a,9105,3663.900031,2533.500020
2018,AUTOTOT,a,9106,433.700007,429.000010
2018,AUTOTOT,a,9107,567.700006,449.300011
2018,AUTOTOT,a,9108,362.100000,377.600003
2018,AUTOTOT,a,9201,222.400005,226.700003
2018,AUTOTOT,a,9202,1411.300017,335.300003
2018,AUTOTOT,a,9203,2569.300030,1346.100013
2018,AUTOTOT,a,9204,700.900006,200.000000
2018,AUTOTOT,a,9205,697.000006,997.700009
2018,AUTOTOT,a,9207,2454.500022,1911.500009
2018,AUTOTOT,a,9208,190.200001,222.900006
2018,AUTOTOT,a,9209,3345.500052,3263.100022
2018,AUTOTOT,a,9210,460.900006,572.600004
2018,AUTOTOT,a,9251,0.000000,62.000000
2018,AUTOTOT,a,9301,2281.900026,2259.100017
2018,AUTOTOT,a,9302,463.100002,517.400003
2018,AUTOTOT,a,9303,2564.600032,2106.800016
2018,AUTOTOT,a,9304,3163.700039,2045.800028
2018,AUTOTOT,o,100,92.700000,54.200000
2018,AUTOTOT,o,101,39.700000,29.700000
2018,AUTOTOT,o,102,61.300000,43.600000
2018,AUTOTOT,o,104,362.100001,480.100004
2018,AUTOTOT,o,107,112.600000,57.600000
2018,AUTOTOT,o,108,47.600000,25.500000
2018,AUTOTOT,o,109,8.000000,5.400000
2018,AUTOTOT,o,110,34.100000,31.900000
2018,AUTOTOT,o,111,51.600001,38.700000
2018,AUTOTOT,o,112,55.700000,32.000000
2018,AUTOTOT,o,113,24.800000,19.000000
2018,AUTOTOT,o,114,36.800000,20.200000
2018,AUTOTOT,o,116,41.600000,25.300000
2018,AUTOTOT,o,118,51.700000,37.600000
2018,AUTOTOT,o,120,48.600000,41.300000
2018,AUTOTOT,o,121,44.700000,31.900000
2018,AUTOTOT,o,122,53.000000,49.700000
2018,AUTOTOT,o,123,95.400000,78.800000
2018,AUTOTOT,o,124,62.800000,45.700000
2018,AUTOTOT,o,125,85.300000,93.100000
2018,AUTOTOT,o,128,62.400000,44.600000
2018,AUTOTOT,o,129,125.700000,68.100000
2018,AUTOTOT,o,130,8.200000,6.000000
2018,AUTOTOT,o,131,341.100003,362.200004
2018,AUTOTOT,o,132,286.400001,312.100002
2018,AUTOTOT,o,133,14.900000,7.500000
2018,AUTOTOT,o,134,44.000000,43.900000
2018,AUTOTOT,o,136,14.800000,5.700000
2018,AUTOTOT,o,137,13.300000,1.300000
2018,AUTOTOT,o,139,30.200000,29.500000
2018,AUTOTOT,o,143,120.900000,84.500000
2018,AUTOTOT,o,144,3.900000,12.500000
2018,AUTOTOT,o,145,25.200000,22.800000
2018,AUTOTOT,o,146,2.400000,1.100000
2018,AUTOTOT,o,9101,2431.700011,2393.800026
2018,AUTOTOT,o,9102,991.600007,976.900012
2018,AUTOTOT,o,9103,132.800002,155.200001
2018,AUTOTOT,o,9104,619.200004,538.900001
2018,AUTOTOT,o,9105,2079.900016,2309.200029
2018,AUTOTOT,o,9106,428.300003,424.900007
2018,AUTOTOT,o,9107,168.200000,215.300000
2018,AUTOTOT,o,9108,354.700003,308.000001
2018,AUTOTOT,o,9201,142.000002,170.500002
2018,AUTOTOT,o,9202,619.000007,473.200003
2018,AUTOTOT,o,9203,1469.800015,1268.700012
2018,AUTOTOT,o,9204,256.400000,192.600000
2018,AUTOTOT,o,9205,704.600003,789.100004
2018,AUTOTOT,o,9207,1320.300003,1479.300014
2018,AUTOTOT,o,9208,140.400000,148.600000
2018,AUTOTOT,o,9209,2586.700005,2518.100015
2018,AUTOTOT,o,9210,283.800001,396.500005
2018,AUTOTOT,o,9301,1391.600013,1382.000005
2018,AUTOTOT,o,9302,320.200001,314.100001
2018,AUTOTOT,o,9303,1530.500007,1660.900007
2018,AUTOTOT,o,9304,2305.300019,1888.400022
2018,AUTOTOT,p,100,289.500002,11.500000
2018,AUTOTOT,p,101,106.600001,10.000000
2018,AUTOTOT,p,102,178.500000,12.800000
2018,AUTOTOT,p,104,403.100005,129.400000
2018,AUTOTOT,p,107,328.800004,17.400000
2018,AUTOTOT,p,108,107.500001,5.400000
2018,AUTOTOT,p,109,20.700001,3.600000
2018,AUTOTOT,p,110,93.100002,11.000000
2018,AUTOTOT,p,111,155.400000,9.400000
2018,AUTOTOT,p,112,171.900001,9.900000
2018,AUTOTOT,p,113,72.400000,5.200000
2018,AUTOTOT,p,114,115.300000,6.300000
2018,AUTOTOT,p,116,123.700002,7.900000
2018,AUTOTOT,p,118,142.200003,7.800000
2018,AUTOTOT,p,120,137.500000,9.700000
2018,AUTOTOT,p,121,124.500000,7.700000
2018,AUTOTOT,p,122,145.200000,14.500000
2018,AUTOTOT,p,123,251.600003,24.100000
2018,AUTOTOT,p,124,162.700001,15.800000
2018,AUTOTOT,p,125,240.700001,19.200000
2018,AUTOTOT,p,128,190.100005,12.000000
2018,AUTOTOT,p,129,398.900002,16.000000
2018,AUTOTOT,p,130,21.800000,1.900000
2018,AUTOTOT,p,131,388.200006,122.300000
2018,AUTOTOT,p,132,243.800001,105.800000
2018,AUTOTOT,p,133,25.400001,1.100000
2018,AUTOTOT,p,134,39.900000,10.100000
2018,AUTOTOT,p,136,29.200000,2.200000
2018,AUTOTOT,p,137,35.400000,0.700000
2018,AUTOTOT,p,139,34.200000,11.200000
2018,AUTOTOT,p,143,133.700001,21.600000
2018,AUTOTOT,p,144,10.400000,4.000000
2018,AUTOTOT,p,145,70.500000,5.700000
2018,AUTOTOT,p,146,8.100000,0.300000
2018,AUTOTOT,p,9101,2237.000010,2654.800028
2018,AUTOTOT,p,9102,924.300008,1120.600008
2018,AUTOTOT,p,9103,150.500001,387.600002
2018,AUTOTOT,p,9104,513.700007,672.700004
2018,AUTOTOT,p,9105,2047.000016,2930.000033
2018,AUTOTOT,p,9106,454.900009,365.899998
2018,AUTOTOT,p,9107,149.200000,368.899999
2018,AUTOTOT,p,9108,444.300008,391.500000
2018,AUTOTOT,p,9201,192.500002,243.400001
2018,AUTOTOT,p,9202,547.300003,912.400010
2018,AUTOTOT,p,9203,1197.600014,2095.400019
2018,AUTOTOT,p,9204,224.600000,364.600001
2018,AUTOTOT,p,9205,953.800006,876.100004
2018,AUTOTOT,p,9207,1709.800004,2304.200013
2018,AUTOTOT,p,9208,160.300001,122.300000
2018,AUTOTOT,p,9209,2644.000004,2420.400013
2018,AUTOTOT,p,9210,372.100001,612.700005
2018,AUTOTOT,p,9301,1445.299999,1962.700013
2018,AUTOTOT,p,9302,318.300002,297.500001
2018,AUTOTOT,p,9303,1659.900022,1980.800016
2018,AUTOTOT,p,9304,1953.300024,2233.400025
2018,PRKRTotDemand,a,9101,29.432324,68.458777
2018,PRKRTotDemand,a,9102,3.067490,1.140173
2018,PRKRTotDemand,a,9103,2.157613,0.000000
2018,PRKRTotDemand,a,9104,8.325956,0.000000
2018,PRKRTotDemand,a,9105,29.234052,0.000000
2018,PRKRTotDemand,a,9106,0.000000,0.144053
2018,PRKRTotDemand,a,9107,2.607280,0.000000
2018,PRKRTotDemand,a,9108,1.275211,0.000000
2018,PRKRTotDemand,a,9151,0.000000,284.029116
2018,PRKRTotDemand,a,9201,0.120151,0.000000
2018,PRKRTotDemand,a,9202,13.416282,0.000000
2018,PRKRTotDemand,a,9203,39.866008,59.131774
2018,PRKRTotDemand,a,9204,13.236358,0.000000
2018,PRKRTotDemand,a,9205,6.361850,49.285736
2018,PRKRTotDemand,a,9207,22.550141,1.414520
2018,PRKRTotDemand,a,9208,1.528717,0.000000
2018,PRKRTotDemand,a,9209,47.558307,126.833035
2018,PRKRTotDemand,a,9210,7.140597,9.632994
2018,PRKRTotDemand,a,9252,0.000000,5.067734
2018,PRKRTotDemand,a,9301,48.238258,51.075217
2018,PRKRTotDemand,a,9302,5.029309,121.471675
2018,PRKRTotDemand,a,9303,34.829582,178.143634
2018,PRKRTotDemand,a,9304,52.369793,112.614785
2018,PRKRTotDemand,a,9351,0.000000,183.036568
2018,PRKRTotDemand,a,9352,0.000000,57.688382
2018,TransitTotDemand,a,100,0.000000,4.164196
2018,TransitTotDemand,a,101,0.000000,2.238326
2018,TransitTotDemand,a,102,0.000000,2.565725
2018,TransitTotDemand,a,104,0.000000,6.489396
2018,TransitTotDemand,a,107,0.000000,20.985390
2018,TransitTotDemand,a,108,0.000000,1.829388
2018,TransitTotDemand,a,109,0.000000,0.264827
2018,TransitTotDemand,a,110,0.000000,1.136072
2018,TransitTotDemand,a,111,0.000000,1.299169
2018,TransitTotDemand,a,112,0.000000,2.301714
2018,TransitTotDemand,a,113,0.000000,1.085601
2018,TransitTotDemand,a,114,0.000000,2.540231
2018,TransitTotDemand,a,116,0.000000,1.581563
2018,TransitTotDemand,a,118,0.000000,1.707067
2018,TransitTotDemand,a,120,0.000000,1.395626
2018,TransitTotDemand,a,121,0.000000,1.338071
2018,TransitTotDemand,a,122,0.000000,2.628314
2018,TransitTotDemand,a,123,0.000000,4.775596
2018,TransitTotDemand,a,124,0.000000,2.315113
2018,TransitTotDemand,a,125,0.000000,3.248770
2018,TransitTotDemand,a,128,0.000000,1.617303
2018,TransitTotDemand,a,129,0.000000,3.668089
2018,TransitTotDemand,a,130,0.000000,0.348185
2018,TransitTotDemand,a,131,0.000000,12.878322
2018,TransitTotDemand,a,132,0.000000,9.925988
2018,TransitTotDemand,a,133,0.000000,7.341937
2018,TransitTotDemand,a,134,0.000000,4.142475
2018,TransitTotDemand,a,136,0.000000,7.289945
2018,TransitTotDemand,a,137,0.000000,10.844968
2018,TransitTotDemand,a,139,0.000000,2.845587
2018,TransitTotDemand,a,143,0.000000,21.295986
2018,TransitTotDemand,a,145,0.000000,0.680917
2018,TransitTotDemand,a,146,0.000000,0.062674
2018,TransitTotDemand,a,9101,805.989924,587.270231
2018,TransitTotDemand,a,9102,515.164041,327.738189
2018,TransitTotDemand,a,9103,2.157613,0.000000
2018,TransitTotDemand,a,9104,84.411393,53.317122
2018,TransitTotDemand,a,9105,29.234052,0.000000
2018,TransitTotDemand,a,9106,164.959438,137.757740
2018,TransitTotDemand,a,9107,2.607280,0.000000
2018,TransitTotDemand,a,9108,34.989208,13.266889
2018,TransitTotDemand,a,9151,4872.344218,1277.157689
2018,TransitTotDemand,a,9201,0.120151,0.000000
2018,TransitTotDemand,a,9202,13.416282,0.000000
2018,TransitTotDemand,a,9203,591.044762,197.152977
2018,TransitTotDemand,a,9204,13.236358,0.000000
2018,TransitTotDemand,a,9205,923.432063,164.316719
2018,TransitTotDemand,a,9207,675.021194,934.581667
2018,TransitTotDemand,a,9208,1.528717,0.000000
2018,TransitTotDemand,a,9209,1049.890697,451.177658
2018,TransitTotDemand,a,9210,109.055069,34.889147
2018,TransitTotDemand,a,9251,1003.719158,714.109999
2018,TransitTotDemand,a,9252,222.236627,29.539243
2018,TransitTotDemand,a,9301,300.270557,200.762778
2018,TransitTotDemand,a,9302,555.560726,496.908665
2018,TransitTotDemand,a,9303,514.666870,861.931717
2018,TransitTotDemand,a,9304,541.272642,472.308797
2018,TransitTotDemand,a,9351,1294.407715,977.157190
2018,TransitTotDemand,a,9352,955.058690,289.152544
2018,TransitTotDemand,o,100,0.000000,92.725894
2018,TransitTotDemand,o,101,0.000000,39.650727
2018,TransitTotDemand,o,102,0.000000,61.334500
2018,TransitTotDemand,o,104,0.000000,362.127658
2018,TransitTotDemand,o,107,0.000000,112.515454
2018,TransitTotDemand,o,108,0.000000,47.656121
2018,TransitTotDemand,o,109,0.000000,7.968056
2018,TransitTotDemand,o,110,0.000000,34.086949
2018,TransitTotDemand,o,111,0.000000,51.660100
2018,TransitTotDemand,o,112,0.000000,55.723894
2018,TransitTotDemand,o,113,0.000000,24.794487
2018,TransitTotDemand,o,114,0.000000,36.756094
2018,TransitTotDemand,o,116,0.000000,41.567262
2018,TransitTotDemand,o,118,0.000000,51.712053
2018,TransitTotDemand,o,120,0.000000,48.582837
2018,TransitTotDemand,o,121,0.000000,44.745272
2018,TransitTotDemand,o,122,0.000000,52.954169
2018,TransitTotDemand,o,123,0.000000,95.456931
2018,TransitTotDemand,o,124,0.000000,62.753952
2018,TransitTotDemand,o,125,0.000000,85.333236
2018,TransitTotDemand,o,128,0.000000,62.356972
2018,TransitTotDemand,o,129,0.000000,125.757077
2018,TransitTotDemand,o,130,0.000000,8.192502
2018,TransitTotDemand,o,131,0.000000,341.075219
2018,TransitTotDemand,o,132,0.000000,286.374374
2018,TransitTotDemand,o,133,0.000000,14.986796
2018,TransitTotDemand,o,134,0.000000,43.959607
2018,TransitTotDemand,o,136,0.000000,14.796413
2018,TransitTotDemand,o,137,0.000000,13.290938
2018,TransitTotDemand,o,139,0.000000,30.159746
2018,TransitTotDemand,o,143,0.000000,120.943009
2018,TransitTotDemand,o,144,0.000000,3.896880
2018,TransitTotDemand,o,145,0.000000,25.224677
2018,TransitTotDemand,o,146,0.000000,2.400228
2018,TransitTotDemand,o,9101,553.154854,384.716617
2018,TransitTotDemand,o,9102,178.595564,91.184611
2018,TransitTotDemand,o,9104,60.015935,27.990434
2018,TransitTotDemand,o,9106,112.227944,54.191877
2018,TransitTotDemand,o,9108,9.224095,2.987937
2018,TransitTotDemand,o,9151,1206.274816,936.739372
2018,TransitTotDemand,o,9203,163.579266,89.870059
2018,TransitTotDemand,o,9205,793.986686,32.936243
2018,TransitTotDemand,o,9207,215.038217,870.057838
2018,TransitTotDemand,o,9209,293.304656,201.362375
2018,TransitTotDemand,o,9210,18.326824,15.101162
2018,TransitTotDemand,o,9251,561.291475,346.448076
2018,TransitTotDemand,o,9252,51.750603,28.129717
2018,TransitTotDemand,o,9301,116.427577,21.422681
2018,TransitTotDemand,o,9302,461.199656,355.643348
2018,TransitTotDemand,o,9303,180.502787,275.540034
2018,TransitTotDemand,o,9304,165.796126,118.790927
2018,TransitTotDemand,o,9351,535.443285,301.674790
2018,TransitTotDemand,o,9352,282.231858,235.881138
2018,TransitTotDemand,p,100,0.000000,289.520472
2018,TransitTotDemand,p,101,0.000000,106.538222
2018,TransitTotDemand,p,102,0.000000,178.540485
2018,TransitTotDemand,p,104,0.000000,403.124073
2018,TransitTotDemand,p,107,0.000000,328.755223
2018,TransitTotDemand,p,108,0.000000,107.563873
2018,TransitTotDemand,p,109,0.000000,20.666338
2018,TransitTotDemand,p,110,0.000000,93.069667
2018,TransitTotDemand,p,111,0.000000,155.446329
2018,TransitTotDemand,p,112,0.000000,171.855071
2018,TransitTotDemand,p,113,0.000000,72.440040
2018,TransitTotDemand,p,114,0.000000,115.282609
2018,TransitTotDemand,p,116,0.000000,123.680467
2018,TransitTotDemand,p,118,0.000000,142.200262
2018,TransitTotDemand,p,120,0.000000,137.490142
2018,TransitTotDemand,p,121,0.000000,124.547563
2018,TransitTotDemand,p,122,0.000000,145.175469
2018,TransitTotDemand,p,123,0.000000,251.588163
2018,TransitTotDemand,p,124,0.000000,162.772090
2018,TransitTotDemand,p,125,0.000000,240.614864
2018,TransitTotDemand,p,128,0.000000,190.143319
2018,TransitTotDemand,p,129,0.000000,398.867137
2018,TransitTotDemand,p,130,0.000000,21.840832
2018,TransitTotDemand,p,131,0.000000,388.193203
2018,TransitTotDemand,p,132,0.000000,243.793440
2018,TransitTotDemand,p,133,0.000000,25.399887
2018,TransitTotDemand,p,134,0.000000,39.877804
2018,TransitTotDemand,p,136,0.000000,29.273258
2018,TransitTotDemand,p,137,0.000000,35.394246
2018,TransitTotDemand,p,139,0.000000,34.207213
2018,TransitTotDemand,p,143,0.000000,133.617022
2018,TransitTotDemand,p,144,0.000000,10.463759
2018,TransitTotDemand,p,145,0.000000,70.426184
2018,TransitTotDemand,p,146,0.000000,8.101779
2018,TransitTotDemand,p,9101,513.467562,406.783434
2018,TransitTotDemand,p,9102,278.586967,133.603014
2018,TransitTotDemand,p,9104,73.163148,39.231223
2018,TransitTotDemand,p,9106,122.406909,68.422710
2018,TransitTotDemand,p,9108,9.405026,3.560591
2018,TransitTotDemand,p,9151,917.797658,1482.958166
2018,TransitTotDemand,p,9203,144.974443,175.843606
2018,TransitTotDemand,p,9205,1099.080161,37.832538
2018,TransitTotDemand,p,9207,298.185129,1286.467552
2018,TransitTotDemand,p,9209,398.354917,275.193595
2018,TransitTotDemand,p,9210,16.776376,20.790425
2018,TransitTotDemand,p,9251,639.067158,451.613269
2018,TransitTotDemand,p,9252,38.977354,41.374407
2018,TransitTotDemand,p,9301,126.923185,179.310988
2018,TransitTotDemand,p,9302,542.705932,309.084335
2018,TransitTotDemand,p,9303,274.449892,371.872040
2018,TransitTotDemand,p,9304,220.454504,164.136967
2018,TransitTotDemand,p,9351,457.593766,348.017362
2018,TransitTotDemand,p,9352,200.333317,376.822381
2050_BU,AUTOTOT,a,100,2.900000,152.400003
2050_BU,AUTOTOT,a,101,1.200000,94.000001
2050_BU,AUTOTOT,a,102,100.700000,2839.000028
2050_BU,AUTOTOT,a,105,6.600000,118.100001
2050_BU,AUTOTOT,a,106,8.900000,294.500002
2050_BU,AUTOTOT,a,107,8.400000,302.000004
2050_BU,AUTOTOT,a,112,6.300000,332.600001
2050_BU,AUTOTOT,a,113,53.100000,1551.100018
2050_BU,AUTOTOT,a,114,6.000000,131.000000
2050_BU,AUTOTOT,a,116,4.000000,263.000006
2050_BU,AUTOTOT,a,117,10.500000,275.400006
2050_BU,AUTOTOT,a,118,10.500000,320.300007
2050_BU,AUTOTOT,a,119,20.800000,1088.400010
2050_BU,AUTOTOT,a,120,15.000000,328.400001
2050_BU,AUTOTOT,a,122,34.400001,882.200000
2050_BU,AUTOTOT,a,124,3.400000,200.900005
2050_BU,AUTOTOT,a,125,5.300000,334.500006
2050_BU,AUTOTOT,a,126,3.800000,98.100000
2050_BU,AUTOTOT,a,127,2.400000,76.400000
2050_BU,AUTOTOT,a,128,10.600000,229.300002
2050_BU,AUTOTOT,a,130,7.300000,215.100000
2050_BU,AUTOTOT,a,131,6.000000,155.000001
2050_BU,AUTOTOT,a,132,0.200000,2.300000
2050_BU,AUTOTOT,a,135,2.200000,203.100002
2050_BU,AUTOTOT,a,136,0.400000,6.800000
2050_BU,AUTOTOT,a,137,2.000000,150.700002
2050_BU,AUTOTOT,a,138,1.300000,64.500000
2050_BU,AUTOTOT,a,139,16.200000,665.600008
2050_BU,AUTOTOT,a,140,5.900000,186.900004
2050_BU,AUTOTOT,a,141,3.500000,73.800000
2050_BU,AUTOTOT,a,143,1.600000,76.100001
2050_BU,AUTOTOT,a,144,2.000000,52.200000
2050_BU,AUTOTOT,a,145,35.700000,888.500009
2050_BU,AUTOTOT,a,146,64.900000,2006.800024
2050_BU,AUTOTOT,a,155,3.600000,238.500004
2050_BU,AUTOTOT,a,156,0.100000,1.300000
2050_BU,AUTOTOT,a,157,4.100000,95.600002
2050_BU,AUTOTOT,a,158,11.800000,414.900003
2050_BU,AUTOTOT,a,159,5.100000,191.200003
2050_BU,AUTOTOT,a,161,6.000000,361.900008
2050_BU,AUTOTOT,a,163,2.300000,158.800006
2050_BU,AUTOTOT,a,164,0.300000,18.000000
2050_BU,AUTOTOT,a,165,5.200000,161.600001
2050_BU,AUTOTOT,a,166,15.200000,351.300006
2050_BU,AUTOTOT,a,167,4.400000,434.400001
2050_BU,AUTOTOT,a,169,5.200000,306.900004
2050_BU,AUTOTOT,a,171,7.500000,398.500004
2050_BU,AUTOTOT,a,247,13.900000,437.100009
2050_BU,AUTOTOT,a,255,19.100000,231.800003
2050_BU,AUTOTOT,a,284,54.200000,1088.600019
2050_BU,AUTOTOT,a,306,26.600000,505.200006
2050_BU,AUTOTOT,a,349,10.400000,336.300009
2050_BU,AUTOTOT,a,350,0.300000,6.100000
2050_BU,AUTOTOT,a,351,3.400000,226.900008
2050_BU,AUTOTOT,a,352,4.500000,373.000009
2050_BU,AUTOTOT,a,353,2.300000,106.900001
2050_BU,AUTOTOT,a,354,1.600000,83.800000
2050_BU,AUTOTOT,a,9101,6768.200091,6452.500086
2050_BU,AUTOTOT,a,9102,3777.600045,1362.400016
2050_BU,AUTOTOT,a,9103,1868.600013,438.499998
2050_BU,AUTOTOT,a,9104,2649.200036,1009.600009
2050_BU,AUTOTOT,a,9105,9173.000137,3971.500050
2050_BU,AUTOTOT,a,9106,2040.600058,801.100018
2050_BU,AUTOTOT,a,9107,1061.700018,893.300020
2050_BU,AUTOTOT,a,9108,714.600000,749.300006
2050_BU,AUTOTOT,a,9151,0.000000,27.200000
2050_BU,AUTOTOT,a,9152,0.000000,0.400000
2050_BU,AUTOTOT,a,9201,1036.799997,432.900004
2050_BU,AUTOTOT,a,9202,5995.200094,1865.900017
2050_BU,AUTOTOT,a,9203,5517.100054,3334.900027
2050_BU,AUTOTOT,a,9204,1317.700013,540.600000
2050_BU,AUTOTOT,a,9205,4015.500060,1687.600009
2050_BU,AUTOTOT,a,9206,1723.700034,844.200013
2050_BU,AUTOTOT,a,9207,4072.600052,3625.600039
2050_BU,AUTOTOT,a,9208,1368.500020,983.300000
2050_BU,AUTOTOT,a,9209,10040.600118,11774.600178
2050_BU,AUTOTOT,a,9210,1045.500008,1786.900021
2050_BU,AUTOTOT,a,9251,0.000000,1.600000
2050_BU,AUTOTOT,a,9252,0.000000,1.500000
2050_BU,AUTOTOT,a,9301,7922.700088,3726.700050
2050_BU,AUTOTOT,a,9302,1038.300017,1640.800009
2050_BU,AUTOTOT,a,9303,4745.600057,3287.100030
2050_BU,AUTOTOT,a,9304,7069.600121,3400.300047
2050_BU,AUTOTOT,a,9351,0.000000,3.600000
2050_BU,AUTOTOT,a,9352,0.000000,3.200000
2050_BU,AUTOTOT,o,100,26.500000,22.500000
2050_BU,AUTOTOT,o,101,17.500000,14.300000
2050_BU,AUTOTOT,o,102,740.300010,366.100004
2050_BU,AUTOTOT,o,105,53.900000,60.700000
2050_BU,AUTOTOT,o,106,396.900000,485.900008
2050_BU,AUTOTOT,o,107,358.300002,435.400005
2050_BU,AUTOTOT,o,112,97.700000,95.900000
2050_BU,AUTOTOT,o,113,390.700010,216.500003
2050_BU,AUTOTOT,o,114,32.900000,25.700000
2050_BU,AUTOTOT,o,116,41.700001,28.300000
2050_BU,AUTOTOT,o,117,207.000000,257.500001
2050_BU,AUTOTOT,o,118,45.800000,27.200000
2050_BU,AUTOTOT,o,119,144.800000,48.600000
2050_BU,AUTOTOT,o,120,56.100000,31.600000
2050_BU,AUTOTOT,o,122,133.100003,70.900000
2050_BU,AUTOTOT,o,124,60.500000,55.700000
2050_BU,AUTOTOT,o,125,73.500000,50.700000
2050_BU,AUTOTOT,o,126,17.400000,12.000000
2050_BU,AUTOTOT,o,127,26.800000,29.800000
2050_BU,AUTOTOT,o,128,38.300000,22.100000
2050_BU,AUTOTOT,o,130,88.700000,92.300000
2050_BU,AUTOTOT,o,131,33.800000,31.400000
2050_BU,AUTOTOT,o,132,1.300000,1.300000
2050_BU,AUTOTOT,o,135,32.800000,25.100000
2050_BU,AUTOTOT,o,136,4.900000,6.300000
2050_BU,AUTOTOT,o,137,26.000000,19.300000
2050_BU,AUTOTOT,o,138,16.800000,14.900000
2050_BU,AUTOTOT,o,139,438.300006,459.800014
2050_BU,AUTOTOT,o,140,189.500001,214.600001
2050_BU,AUTOTOT,o,141,103.600000,125.900000
2050_BU,AUTOTOT,o,143,56.000000,63.800000
2050_BU,AUTOTOT,o,144,44.700000,44.900000
2050_BU,AUTOTOT,o,145,311.700006,229.100004
2050_BU,AUTOTOT,o,146,451.700001,206.200001
2050_BU,AUTOTOT,o,155,32.000000,14.400000
2050_BU,AUTOTOT,o,156,1.900000,5.500000
2050_BU,AUTOTOT,o,157,14.200000,4.700000
2050_BU,AUTOTOT,o,158,233.200003,237.700005
2050_BU,AUTOTOT,o,159,112.700001,113.400001
2050_BU,AUTOTOT,o,161,52.900002,14.800000
2050_BU,AUTOTOT,o,163,21.500000,3.900000
2050_BU,AUTOTOT,o,164,2.800000,0.800000
2050_BU,AUTOTOT,o,165,31.500000,21.100000
2050_BU,AUTOTOT,o,166,51.600000,20.800000
2050_BU,AUTOTOT,o,167,67.200001,27.900000
2050_BU,AUTOTOT,o,169,52.500001,16.500000
2050_BU,AUTOTOT,o,171,63.600000,23.400000
2050_BU,AUTOTOT,o,247,298.900003,305.100008
2050_BU,AUTOTOT,o,255,119.500000,121.600001
2050_BU,AUTOTOT,o,284,497.100005,474.300004
2050_BU,AUTOTOT,o,306,189.600004,168.200005
2050_BU,AUTOTOT,o,349,318.400001,342.000003
2050_BU,AUTOTOT,o,350,5.000000,4.900000
2050_BU,AUTOTOT,o,351,35.400001,9.200000
2050_BU,AUTOTOT,o,352,62.000002,34.100000
2050_BU,AUTOTOT,o,353,24.300000,33.500000
2050_BU,AUTOTOT,o,354,17.300000,10.500000
2050_BU,AUTOTOT,o,9101,3961.400041,4807.000069
2050_BU,AUTOTOT,o,9102,1734.800017,1483.900017
2050_BU,AUTOTOT,o,9103,560.700004,1334.500011
2050_BU,AUTOTOT,o,9104,1022.400013,1300.700017
2050_BU,AUTOTOT,o,9105,3433.700037,4223.000057
2050_BU,AUTOTOT,o,9106,1331.700016,1542.200009
2050_BU,AUTOTOT,o,9107,268.800002,347.800005
2050_BU,AUTOTOT,o,9108,827.500011,520.900009
2050_BU,AUTOTOT,o,9201,550.900004,531.600009
2050_BU,AUTOTOT,o,9202,3297.200033,2384.100036
2050_BU,AUTOTOT,o,9203,2970.800040,2753.900031
2050_BU,AUTOTOT,o,9204,369.199999,400.600002
2050_BU,AUTOTOT,o,9205,1489.000007,1330.800009
2050_BU,AUTOTOT,o,9206,623.000010,637.800011
2050_BU,AUTOTOT,o,9207,2980.200026,2463.600031
2050_BU,AUTOTOT,o,9208,682.000011,662.400011
2050_BU,AUTOTOT,o,9209,7898.100107,7921.100086
2050_BU,AUTOTOT,o,9210,954.500011,981.000017
2050_BU,AUTOTOT,o,9301,4353.000063,3984.600042
2050_BU,AUTOTOT,o,9302,821.300016,989.699999
2050_BU,AUTOTOT,o,9303,2792.000017,2787.500030
2050_BU,AUTOTOT,o,9304,3717.400043,2993.300031
2050_BU,AUTOTOT,p,100,69.300000,8.500000
2050_BU,AUTOTOT,p,101,43.000000,6.900000
2050_BU,AUTOTOT,p,102,885.400018,18.500000
2050_BU,AUTOTOT,p,105,76.400000,28.600000
2050_BU,AUTOTOT,p,106,321.300000,140.500000
2050_BU,AUTOTOT,p,107,310.300000,139.200000
2050_BU,AUTOTOT,p,112,171.200003,34.800000
2050_BU,AUTOTOT,p,113,535.700004,44.200000
2050_BU,AUTOTOT,p,114,58.700001,12.300000
2050_BU,AUTOTOT,p,116,109.700000,7.500000
2050_BU,AUTOTOT,p,117,244.900002,108.700001
2050_BU,AUTOTOT,p,118,132.200006,9.600000
2050_BU,AUTOTOT,p,119,411.800009,21.000000
2050_BU,AUTOTOT,p,120,129.700001,12.400000
2050_BU,AUTOTOT,p,122,342.500003,21.700000
2050_BU,AUTOTOT,p,124,96.900001,20.700000
2050_BU,AUTOTOT,p,125,137.400001,15.600000
2050_BU,AUTOTOT,p,126,41.500000,5.100000
2050_BU,AUTOTOT,p,127,42.500000,7.900000
2050_BU,AUTOTOT,p,128,90.900001,7.500000
2050_BU,AUTOTOT,p,130,118.100000,29.500000
2050_BU,AUTOTOT,p,131,73.000000,8.900000
2050_BU,AUTOTOT,p,132,1.400000,0.200000
2050_BU,AUTOTOT,p,135,89.200001,9.200000
2050_BU,AUTOTOT,p,136,6.200000,2.300000
2050_BU,AUTOTOT,p,137,66.400000,7.600000
2050_BU,AUTOTOT,p,138,34.800000,13.000000
2050_BU,AUTOTOT,p,139,417.500015,156.100002
2050_BU,AUTOTOT,p,140,158.300000,77.800000
2050_BU,AUTOTOT,p,141,82.400000,41.000000
2050_BU,AUTOTOT,p,143,61.600000,35.600000
2050_BU,AUTOTOT,p,144,39.500000,26.700000
2050_BU,AUTOTOT,p,145,329.700003,30.100000
2050_BU,AUTOTOT,p,146,665.100013,31.100000
2050_BU,AUTOTOT,p,155,94.899999,4.900000
2050_BU,AUTOTOT,p,156,5.500000,2.500000
2050_BU,AUTOTOT,p,157,34.200000,2.000000
2050_BU,AUTOTOT,p,158,232.300006,64.100000
2050_BU,AUTOTOT,p,159,104.400001,27.400000
2050_BU,AUTOTOT,p,161,129.199999,6.200000
2050_BU,AUTOTOT,p,163,54.500001,0.700000
2050_BU,AUTOTOT,p,164,6.200000,0.600000
2050_BU,AUTOTOT,p,165,66.800001,9.700000
2050_BU,AUTOTOT,p,166,131.100001,9.100000
2050_BU,AUTOTOT,p,167,162.400004,7.900000
2050_BU,AUTOTOT,p,169,104.300002,8.400000
2050_BU,AUTOTOT,p,171,144.400003,8.800000
2050_BU,AUTOTOT,p,247,275.500001,124.700001
2050_BU,AUTOTOT,p,255,138.900000,57.500000
2050_BU,AUTOTOT,p,284,588.400009,205.200000
2050_BU,AUTOTOT,p,306,243.900003,67.200000
2050_BU,AUTOTOT,p,349,225.500000,73.000000
2050_BU,AUTOTOT,p,350,3.500000,2.000000
2050_BU,AUTOTOT,p,351,77.600002,3.000000
2050_BU,AUTOTOT,p,352,150.200001,11.200000
2050_BU,AUTOTOT,p,353,63.600000,11.600000
2050_BU,AUTOTOT,p,354,33.400000,6.200000
2050_BU,AUTOTOT,p,9101,2850.700027,6897.300083
2050_BU,AUTOTOT,p,9102,1258.200013,2512.400033
2050_BU,AUTOTOT,p,9103,379.499998,1539.900020
2050_BU,AUTOTOT,p,9104,681.800005,2185.800017
2050_BU,AUTOTOT,p,9105,2794.700029,7613.900080
2050_BU,AUTOTOT,p,9106,556.200006,2801.500022
2050_BU,AUTOTOT,p,9107,236.300001,696.200003
2050_BU,AUTOTOT,p,9108,1549.799996,778.800006
2050_BU,AUTOTOT,p,9201,451.800004,1166.100010
2050_BU,AUTOTOT,p,9202,2623.200040,4582.700055
2050_BU,AUTOTOT,p,9203,2066.400012,4405.800050
2050_BU,AUTOTOT,p,9204,510.800001,602.800003
2050_BU,AUTOTOT,p,9205,1235.300011,2318.200019
2050_BU,AUTOTOT,p,9206,551.100003,1064.900025
2050_BU,AUTOTOT,p,9207,2756.600035,3293.300046
2050_BU,AUTOTOT,p,9208,613.300025,1026.200012
2050_BU,AUTOTOT,p,9209,8299.500092,9018.200164
2050_BU,AUTOTOT,p,9210,1137.500008,857.700009
2050_BU,AUTOTOT,p,9301,2833.700028,5823.100088
2050_BU,AUTOTOT,p,9302,946.800006,1039.300012
2050_BU,AUTOTOT,p,9303,2372.400026,3643.700033
2050_BU,AUTOTOT,p,9304,3338.300033,4126.300058
2050_BU,PRKRTotDemand,a,9101,155.405879,235.207336
2050_BU,PRKRTotDemand,a,9102,87.968189,152.458147
2050_BU,PRKRTotDemand,a,9103,33.733310,0.000000
2050_BU,PRKRTotDemand,a,9104,55.065244,0.000000
2050_BU,PRKRTotDemand,a,9105,168.252540,0.000000
2050_BU,PRKRTotDemand,a,9106,18.704960,32.658369
2050_BU,PRKRTotDemand,a,9107,20.377644,0.000000
2050_BU,PRKRTotDemand,a,9108,14.208370,5.866585
2050_BU,PRKRTotDemand,a,9151,0.000000,757.775791
2050_BU,PRKRTotDemand,a,9152,0.000000,114.205790
2050_BU,PRKRTotDemand,a,9201,25.030150,0.000000
2050_BU,PRKRTotDemand,a,9202,111.533337,0.000000
2050_BU,PRKRTotDemand,a,9203,89.396709,68.193760
2050_BU,PRKRTotDemand,a,9204,25.117961,0.000000
2050_BU,PRKRTotDemand,a,9205,94.200850,46.996220
2050_BU,PRKRTotDemand,a,9206,11.465894,0.000000
2050_BU,PRKRTotDemand,a,9207,85.023383,5.763618
2050_BU,PRKRTotDemand,a,9208,7.779659,0.000000
2050_BU,PRKRTotDemand,a,9209,167.389649,174.811159
2050_BU,PRKRTotDemand,a,9210,15.344938,11.512908
2050_BU,PRKRTotDemand,a,9251,0.000000,2207.602683
2050_BU,PRKRTotDemand,a,9252,0.000000,157.551864
2050_BU,PRKRTotDemand,a,9301,141.157534,63.725049
2050_BU,PRKRTotDemand,a,9302,14.490417,197.917293
2050_BU,PRKRTotDemand,a,9303,67.682914,198.452156
2050_BU,PRKRTotDemand,a,9304,132.671462,162.722938
2050_BU,PRKRTotDemand,a,9351,0.000000,313.348172
2050_BU,PRKRTotDemand,a,9352,0.000000,263.240755
2050_BU,TransitTotDemand,a,100,0.000000,2.924646
2050_BU,TransitTotDemand,a,101,0.000000,1.216784
2050_BU,TransitTotDemand,a,102,0.000000,100.661230
2050_BU,TransitTotDemand,a,105,0.000000,6.573912
2050_BU,TransitTotDemand,a,106,0.000000,8.884592
2050_BU,TransitTotDemand,a,107,0.000000,8.445221
2050_BU,TransitTotDemand,a,112,0.000000,6.257294
2050_BU,TransitTotDemand,a,113,0.000000,53.167786
2050_BU,TransitTotDemand,a,114,0.000000,6.012318
2050_BU,TransitTotDemand,a,116,0.000000,3.946978
2050_BU,TransitTotDemand,a,117,0.000000,10.502722
2050_BU,TransitTotDemand,a,118,0.000000,10.468983
2050_BU,TransitTotDemand,a,119,0.000000,20.815717
2050_BU,TransitTotDemand,a,120,0.000000,15.043704
2050_BU,TransitTotDemand,a,122,0.000000,34.378955
2050_BU,TransitTotDemand,a,124,0.000000,3.445707
2050_BU,TransitTotDemand,a,125,0.000000,5.212810
2050_BU,TransitTotDemand,a,126,0.000000,3.797172
2050_BU,TransitTotDemand,a,127,0.000000,2.479094
2050_BU,TransitTotDemand,a,128,0.000000,10.579743
2050_BU,TransitTotDemand,a,130,0.000000,7.309477
2050_BU,TransitTotDemand,a,131,0.000000,5.963093
2050_BU,TransitTotDemand,a,132,0.000000,0.242604
2050_BU,TransitTotDemand,a,135,0.000000,2.192156
2050_BU,TransitTotDemand,a,136,0.000000,0.341096
2050_BU,TransitTotDemand,a,137,0.000000,1.987654
2050_BU,TransitTotDemand,a,138,0.000000,1.359823
2050_BU,TransitTotDemand,a,139,0.000000,16.180270
2050_BU,TransitTotDemand,a,140,0.000000,5.921409
2050_BU,TransitTotDemand,a,141,0.000000,3.495792
2050_BU,TransitTotDemand,a,143,0.000000,1.549110
2050_BU,TransitTotDemand,a,144,0.000000,2.026461
2050_BU,TransitTotDemand,a,145,0.000000,35.751204
2050_BU,TransitTotDemand,a,146,0.000000,64.850370
2050_BU,TransitTotDemand,a,155,0.000000,3.616176
2050_BU,TransitTotDemand,a,156,0.000000,0.125709
2050_BU,TransitTotDemand,a,157,0.000000,4.055023
2050_BU,TransitTotDemand,a,158,0.000000,11.836883
2050_BU,TransitTotDemand,a,159,0.000000,5.072144
2050_BU,TransitTotDemand,a,161,0.000000,5.971481
2050_BU,TransitTotDemand,a,163,0.000000,2.327942
2050_BU,TransitTotDemand,a,164,0.000000,0.355025
2050_BU,TransitTotDemand,a,165,0.000000,5.125568
2050_BU,TransitTotDemand,a,166,0.000000,15.183946
2050_BU,TransitTotDemand,a,167,0.000000,4.475716
2050_BU,TransitTotDemand,a,169,0.000000,5.180084
2050_BU,TransitTotDemand,a,171,0.000000,7.526627
2050_BU,TransitTotDemand,a,247,0.000000,13.879954
2050_BU,TransitTotDemand,a,255,0.000000,19.052989
2050_BU,TransitTotDemand,a,284,0.000000,54.192528
2050_BU,TransitTotDemand,a,306,0.000000,26.624217
2050_BU,TransitTotDemand,a,349,0.000000,10.387426
2050_BU,TransitTotDemand,a,350,0.000000,0.316448
2050_BU,TransitTotDemand,a,351,0.000000,3.400954
2050_BU,TransitTotDemand,a,352,0.000000,4.503067
2050_BU,TransitTotDemand,a,353,0.000000,2.275414
2050_BU,TransitTotDemand,a,354,0.000000,1.660720
2050_BU,TransitTotDemand,a,9101,1108.843926,788.983338
2050_BU,TransitTotDemand,a,9102,819.823036,512.170221
2050_BU,TransitTotDemand,a,9103,33.733310,0.000000
2050_BU,TransitTotDemand,a,9104,162.808125,75.215610
2050_BU,TransitTotDemand,a,9105,168.252540,0.000000
2050_BU,TransitTotDemand,a,9106,253.390258,206.145194
2050_BU,TransitTotDemand,a,9107,20.377644,0.000000
2050_BU,TransitTotDemand,a,9108,62.145633,19.555255
2050_BU,TransitTotDemand,a,9151,26188.589767,7827.287766
2050_BU,TransitTotDemand,a,9152,1494.926065,457.878120
2050_BU,TransitTotDemand,a,9201,25.030150,0.000000
2050_BU,TransitTotDemand,a,9202,111.533337,0.000000
2050_BU,TransitTotDemand,a,9203,868.457503,263.809116
2050_BU,TransitTotDemand,a,9204,25.117961,0.000000
2050_BU,TransitTotDemand,a,9205,1392.829278,231.892533
2050_BU,TransitTotDemand,a,9206,11.465894,0.000000
2050_BU,TransitTotDemand,a,9207,1013.631889,1322.230521
2050_BU,TransitTotDemand,a,9208,7.779659,0.000000
2050_BU,TransitTotDemand,a,9209,1399.620492,567.532937
2050_BU,TransitTotDemand,a,9210,159.609796,47.335686
2050_BU,TransitTotDemand,a,9251,7242.398121,15953.783717
2050_BU,TransitTotDemand,a,9252,2853.751137,1591.623770
2050_BU,TransitTotDemand,a,9301,453.163925,244.091341
2050_BU,TransitTotDemand,a,9302,801.371326,719.619060
2050_BU,TransitTotDemand,a,9303,745.973851,1179.854173
2050_BU,TransitTotDemand,a,9304,2133.603345,3416.821560
2050_BU,TransitTotDemand,a,9351,12683.878475,2901.245895
2050_BU,TransitTotDemand,a,9352,9635.197169,1473.760885
2050_BU,TransitTotDemand,o,100,0.000000,26.525254
2050_BU,TransitTotDemand,o,101,0.000000,17.428028
2050_BU,TransitTotDemand,o,102,0.000000,740.313991
2050_BU,TransitTotDemand,o,105,0.000000,53.956102
2050_BU,TransitTotDemand,o,106,0.000000,396.877521
2050_BU,TransitTotDemand,o,107,0.000000,358.280430
2050_BU,TransitTotDemand,o,112,0.000000,97.723168
2050_BU,TransitTotDemand,o,113,0.000000,390.651202
2050_BU,TransitTotDemand,o,114,0.000000,32.946673
2050_BU,TransitTotDemand,o,116,0.000000,41.721327
2050_BU,TransitTotDemand,o,117,0.000000,206.984985
2050_BU,TransitTotDemand,o,118,0.000000,45.820698
2050_BU,TransitTotDemand,o,119,0.000000,144.729337
2050_BU,TransitTotDemand,o,120,0.000000,56.188444
2050_BU,TransitTotDemand,o,122,0.000000,133.025577
2050_BU,TransitTotDemand,o,124,0.000000,60.489965
2050_BU,TransitTotDemand,o,125,0.000000,73.492858
2050_BU,TransitTotDemand,o,126,0.000000,17.419651
2050_BU,TransitTotDemand,o,127,0.000000,26.816611
2050_BU,TransitTotDemand,o,128,0.000000,38.325641
2050_BU,TransitTotDemand,o,130,0.000000,88.688229
2050_BU,TransitTotDemand,o,131,0.000000,33.797327
2050_BU,TransitTotDemand,o,132,0.000000,1.316424
2050_BU,TransitTotDemand,o,135,0.000000,32.782745
2050_BU,TransitTotDemand,o,136,0.000000,4.946694
2050_BU,TransitTotDemand,o,137,0.000000,25.947308
2050_BU,TransitTotDemand,o,138,0.000000,16.759666
2050_BU,TransitTotDemand,o,139,0.000000,438.311373
2050_BU,TransitTotDemand,o,140,0.000000,189.579166
2050_BU,TransitTotDemand,o,141,0.000000,103.596923
2050_BU,TransitTotDemand,o,143,0.000000,55.994454
2050_BU,TransitTotDemand,o,144,0.000000,44.677860
2050_BU,TransitTotDemand,o,145,0.000000,311.635318
2050_BU,TransitTotDemand,o,146,0.000000,451.789839
2050_BU,TransitTotDemand,o,155,0.000000,31.916805
2050_BU,TransitTotDemand,o,156,0.000000,1.933878
2050_BU,TransitTotDemand,o,157,0.000000,14.237700
2050_BU,TransitTotDemand,o,158,0.000000,233.169814
2050_BU,TransitTotDemand,o,159,0.000000,112.713730
2050_BU,TransitTotDemand,o,161,0.000000,52.877597
2050_BU,TransitTotDemand,o,163,0.000000,21.534235
2050_BU,TransitTotDemand,o,164,0.000000,2.731071
2050_BU,TransitTotDemand,o,165,0.000000,31.564078
2050_BU,TransitTotDemand,o,166,0.000000,51.612629
2050_BU,TransitTotDemand,o,167,0.000000,67.123610
2050_BU,TransitTotDemand,o,169,0.000000,52.536042
2050_BU,TransitTotDemand,o,171,0.000000,63.599630
2050_BU,TransitTotDemand,o,247,0.000000,298.896367
2050_BU,TransitTotDemand,o,255,0.000000,119.525072
2050_BU,TransitTotDemand,o,284,0.000000,497.115915
2050_BU,TransitTotDemand,o,306,0.000000,189.521703
2050_BU,TransitTotDemand,o,349,0.000000,318.485548
2050_BU,TransitTotDemand,o,350,0.000000,4.940604
2050_BU,TransitTotDemand,o,351,0.000000,35.467641
2050_BU,TransitTotDemand,o,352,0.000000,61.994682
2050_BU,TransitTotDemand,o,353,0.000000,24.252621
2050_BU,TransitTotDemand,o,354,0.000000,17.265498
2050_BU,TransitTotDemand,o,9101,684.777188,468.410369
2050_BU,TransitTotDemand,o,9102,259.882119,128.947325
2050_BU,TransitTotDemand,o,9104,84.987429,39.628887
2050_BU,TransitTotDemand,o,9106,160.233936,77.856958
2050_BU,TransitTotDemand,o,9108,13.286982,4.230348
2050_BU,TransitTotDemand,o,9151,6053.539091,5505.044729
2050_BU,TransitTotDemand,o,9152,334.128044,279.408251
2050_BU,TransitTotDemand,o,9203,230.009139,128.432114
2050_BU,TransitTotDemand,o,9205,1124.338954,47.717490
2050_BU,TransitTotDemand,o,9207,304.748335,1232.841210
2050_BU,TransitTotDemand,o,9209,362.336596,245.587828
2050_BU,TransitTotDemand,o,9210,25.743920,21.670127
2050_BU,TransitTotDemand,o,9251,5885.069073,4255.503416
2050_BU,TransitTotDemand,o,9252,948.068008,450.701746
2050_BU,TransitTotDemand,o,9301,143.787769,26.105762
2050_BU,TransitTotDemand,o,9302,661.399636,503.737771
2050_BU,TransitTotDemand,o,9303,251.864053,385.317290
2050_BU,TransitTotDemand,o,9304,554.292730,488.779254
2050_BU,TransitTotDemand,o,9351,3393.742542,2177.142657
2050_BU,TransitTotDemand,o,9352,1591.299080,946.533596
2050_BU,TransitTotDemand,p,100,0.000000,69.309462
2050_BU,TransitTotDemand,p,101,0.000000,43.029790
2050_BU,TransitTotDemand,p,102,0.000000,885.338785
2050_BU,TransitTotDemand,p,105,0.000000,76.435426
2050_BU,TransitTotDemand,p,106,0.000000,321.310596
2050_BU,TransitTotDemand,p,107,0.000000,310.253268
2050_BU,TransitTotDemand,p,112,0.000000,171.234195
2050_BU,TransitTotDemand,p,113,0.000000,535.691348
2050_BU,TransitTotDemand,p,114,0.000000,58.685103
2050_BU,TransitTotDemand,p,116,0.000000,109.719421
2050_BU,TransitTotDemand,p,117,0.000000,244.867933
2050_BU,TransitTotDemand,p,118,0.000000,132.259978
2050_BU,TransitTotDemand,p,119,0.000000,411.798354
2050_BU,TransitTotDemand,p,120,0.000000,129.646558
2050_BU,TransitTotDemand,p,122,0.000000,342.478530
2050_BU,TransitTotDemand,p,124,0.000000,96.901318
2050_BU,TransitTotDemand,p,125,0.000000,137.486865
2050_BU,TransitTotDemand,p,126,0.000000,41.427403
2050_BU,TransitTotDemand,p,127,0.000000,42.534493
2050_BU,TransitTotDemand,p,128,0.000000,90.929709
2050_BU,TransitTotDemand,p,130,0.000000,118.052968
2050_BU,TransitTotDemand,p,131,0.000000,73.009833
2050_BU,TransitTotDemand,p,132,0.000000,1.360315
2050_BU,TransitTotDemand,p,135,0.000000,89.210547
2050_BU,TransitTotDemand,p,136,0.000000,6.183933
2050_BU,TransitTotDemand,p,137,0.000000,66.439920
2050_BU,TransitTotDemand,p,138,0.000000,34.844898
2050_BU,TransitTotDemand,p,139,0.000000,417.421098
2050_BU,TransitTotDemand,p,140,0.000000,158.356255
2050_BU,TransitTotDemand,p,141,0.000000,82.397072
2050_BU,TransitTotDemand,p,143,0.000000,61.622289
2050_BU,TransitTotDemand,p,144,0.000000,39.416401
2050_BU,TransitTotDemand,p,145,0.000000,329.699782
2050_BU,TransitTotDemand,p,146,0.000000,665.135676
2050_BU,TransitTotDemand,p,155,0.000000,94.884893
2050_BU,TransitTotDemand,p,156,0.000000,5.514295
2050_BU,TransitTotDemand,p,157,0.000000,34.215242
2050_BU,TransitTotDemand,p,158,0.000000,232.265239
2050_BU,TransitTotDemand,p,159,0.000000,104.430572
2050_BU,TransitTotDemand,p,161,0.000000,129.192749
2050_BU,TransitTotDemand,p,163,0.000000,54.490451
2050_BU,TransitTotDemand,p,164,0.000000,6.252282
2050_BU,TransitTotDemand,p,165,0.000000,66.739086
2050_BU,TransitTotDemand,p,166,0.000000,131.132207
2050_BU,TransitTotDemand,p,167,0.000000,162.348777
2050_BU,TransitTotDemand,p,169,0.000000,104.334308
2050_BU,TransitTotDemand,p,171,0.000000,144.439755
2050_BU,TransitTotDemand,p,247,0.000000,275.469416
2050_BU,TransitTotDemand,p,255,0.000000,138.894948
2050_BU,TransitTotDemand,p,284,0.000000,588.373845
2050_BU,TransitTotDemand,p,306,0.000000,243.937267
2050_BU,TransitTotDemand,p,349,0.000000,225.514203
2050_BU,TransitTotDemand,p,350,0.000000,3.449733
2050_BU,TransitTotDemand,p,351,0.000000,77.657869
2050_BU,TransitTotDemand,p,352,0.000000,150.219279
2050_BU,TransitTotDemand,p,353,0.000000,63.506877
2050_BU,TransitTotDemand,p,354,0.000000,33.420560
2050_BU,TransitTotDemand,p,9101,648.179809,497.199231
2050_BU,TransitTotDemand,p,9102,411.639268,186.764204
2050_BU,TransitTotDemand,p,9104,103.604670,55.549791
2050_BU,TransitTotDemand,p,9106,176.855630,98.134242
2050_BU,TransitTotDemand,p,9108,13.945965,5.041660
2050_BU,TransitTotDemand,p,9151,2939.137222,16737.891822
2050_BU,TransitTotDemand,p,9152,241.369852,776.825395
2050_BU,TransitTotDemand,p,9203,201.032596,251.399206
2050_BU,TransitTotDemand,p,9205,1556.372876,53.674952
2050_BU,TransitTotDemand,p,9207,422.889204,1826.038888
2050_BU,TransitTotDemand,p,9209,488.091241,334.844527
2050_BU,TransitTotDemand,p,9210,23.134667,29.572310
2050_BU,TransitTotDemand,p,9251,7589.148155,6297.282956
2050_BU,TransitTotDemand,p,9252,1540.466270,662.386849
2050_BU,TransitTotDemand,p,9301,154.885085,219.736712
2050_BU,TransitTotDemand,p,9302,777.225475,438.525349
2050_BU,TransitTotDemand,p,9303,377.804573,519.970184
2050_BU,TransitTotDemand,p,9304,1104.596519,848.395905
2050_BU,TransitTotDemand,p,9351,1561.802390,6615.867356
2050_BU,TransitTotDemand,p,9352,1919.057194,2426.936580
2050_HS,AUTOTOT,a,100,2.400000,132.500001
2050_HS,AUTOTOT,a,101,1.200000,97.200001
2050_HS,AUTOTOT,a,102,99.000000,2712.300028
2050_HS,AUTOTOT,a,105,5.000000,108.600000
2050_HS,AUTOTOT,a,106,8.000000,290.300002
2050_HS,AUTOTOT,a,107,8.200000,304.500006
2050_HS,AUTOTOT,a,112,4.400000,348.000001
2050_HS,AUTOTOT,a,113,53.800000,1361.800028
2050_HS,AUTOTOT,a,114,4.900000,131.400003
2050_HS,AUTOTOT,a,116,3.100000,269.300005
2050_HS,AUTOTOT,a,117,12.200000,293.000008
2050_HS,AUTOTOT,a,118,10.600000,331.700003
2050_HS,AUTOTOT,a,119,16.800000,1048.300010
2050_HS,AUTOTOT,a,120,12.100000,304.500006
2050_HS,AUTOTOT,a,122,22.800000,725.300003
2050_HS,AUTOTOT,a,124,2.500000,182.000002
2050_HS,AUTOTOT,a,125,4.000000,313.900005
2050_HS,AUTOTOT,a,126,2.300000,79.000000
2050_HS,AUTOTOT,a,127,2.400000,86.800002
2050_HS,AUTOTOT,a,128,9.400000,213.200002
2050_HS,AUTOTOT,a,130,5.900000,227.800002
2050_HS,AUTOTOT,a,131,4.800000,149.500002
2050_HS,AUTOTOT,a,132,0.300000,2.700000
2050_HS,AUTOTOT,a,135,1.800000,213.800004
2050_HS,AUTOTOT,a,136,0.300000,8.300000
2050_HS,AUTOTOT,a,137,1.700000,160.100001
2050_HS,AUTOTOT,a,138,1.400000,75.000002
2050_HS,AUTOTOT,a,139,15.700000,635.500013
2050_HS,AUTOTOT,a,140,6.000000,173.100003
2050_HS,AUTOTOT,a,141,3.700000,74.500000
2050_HS,AUTOTOT,a,143,1.500000,55.700001
2050_HS,AUTOTOT,a,144,2.100000,57.200000
2050_HS,AUTOTOT,a,145,33.700000,855.800012
2050_HS,AUTOTOT,a,146,59.600000,2029.600022
2050_HS,AUTOTOT,a,155,3.100000,260.000005
2050_HS,AUTOTOT,a,156,0.100000,1.000000
2050_HS,AUTOTOT,a,157,2.000000,101.600003
2050_HS,AUTOTOT,a,158,10.900000,394.500006
2050_HS,AUTOTOT,a,159,4.900000,172.100005
2050_HS,AUTOTOT,a,161,5.000000,319.200003
2050_HS,AUTOTOT,a,163,1.900000,161.200007
2050_HS,AUTOTOT,a,164,0.300000,25.100000
2050_HS,AUTOTOT,a,165,5.600000,163.800002
2050_HS,AUTOTOT,a,166,10.000000,285.600003
2050_HS,AUTOTOT,a,167,4.100000,449.700002
2050_HS,AUTOTOT,a,169,4.300000,280.800000
2050_HS,AUTOTOT,a,171,3.400000,410.400004
2050_HS,AUTOTOT,a,247,14.100000,447.400006
2050_HS,AUTOTOT,a,255,20.000000,254.600003
2050_HS,AUTOTOT,a,284,56.800001,967.400015
2050_HS,AUTOTOT,a,306,29.700000,528.000010
2050_HS,AUTOTOT,a,349,9.100000,298.000007
2050_HS,AUTOTOT,a,350,0.200000,3.900000
2050_HS,AUTOTOT,a,351,3.700000,285.200006
2050_HS,AUTOTOT,a,352,4.100000,304.800001
2050_HS,AUTOTOT,a,353,2.000000,97.600001
2050_HS,AUTOTOT,a,354,1.400000,74.000002
2050_HS,AUTOTOT,a,9101,6945.300086,6377.900088
2050_HS,AUTOTOT,a,9102,3698.200048,1451.400013
2050_HS,AUTOTOT,a,9103,1917.900030,532.800001
2050_HS,AUTOTOT,a,9104,2822.800050,584.300004
2050_HS,AUTOTOT,a,9105,9654.200132,3660.900035
2050_HS,AUTOTOT,a,9106,1320.599998,627.800007
2050_HS,AUTOTOT,a,9107,1164.300016,860.500007
2050_HS,AUTOTOT,a,9108,885.400007,701.800014
2050_HS,AUTOTOT,a,9151,0.000000,15.300000
2050_HS,AUTOTOT,a,9152,0.000000,0.200000
2050_HS,AUTOTOT,a,9201,1253.600011,470.500006
2050_HS,AUTOTOT,a,9202,7176.700078,1835.500020
2050_HS,AUTOTOT,a,9203,6745.000078,2872.000028
2050_HS,AUTOTOT,a,9204,1430.700010,424.000000
2050_HS,AUTOTOT,a,9205,4604.000046,1596.400011
2050_HS,AUTOTOT,a,9206,1906.100041,918.000041
2050_HS,AUTOTOT,a,9207,5299.600087,3164.300038
2050_HS,AUTOTOT,a,9208,1617.000025,760.399995
2050_HS,AUTOTOT,a,9209,11547.300144,10118.600126
2050_HS,AUTOTOT,a,9210,1089.100013,1528.200024
2050_HS,AUTOTOT,a,9251,0.000000,0.600000
2050_HS,AUTOTOT,a,9252,0.000000,1.100000
2050_HS,AUTOTOT,a,9301,8661.000097,3203.500034
2050_HS,AUTOTOT,a,9302,1303.900021,1532.600015
2050_HS,AUTOTOT,a,9303,4889.800078,2876.000049
2050_HS,AUTOTOT,a,9304,6984.800114,3484.500032
2050_HS,AUTOTOT,a,9351,0.000000,2.600000
2050_HS,AUTOTOT,a,9352,0.000000,5.100000
2050_HS,AUTOTOT,o,100,22.400000,21.000000
2050_HS,AUTOTOT,o,101,18.300000,14.800000
2050_HS,AUTOTOT,o,102,694.600013,329.100002
2050_HS,AUTOTOT,o,105,52.400000,60.500000
2050_HS,AUTOTOT,o,106,376.200002,459.100003
2050_HS,AUTOTOT,o,107,346.800000,413.800005
2050_HS,AUTOTOT,o,112,82.600000,72.200000
2050_HS,AUTOTOT,o,113,340.800007,190.400002
2050_HS,AUTOTOT,o,114,31.700000,22.100000
2050_HS,AUTOTOT,o,116,42.700000,29.200000
2050_HS,AUTOTOT,o,117,150.700001,175.200000
2050_HS,AUTOTOT,o,118,48.100000,29.400000
2050_HS,AUTOTOT,o,119,138.100001,47.800000
2050_HS,AUTOTOT,o,120,54.800000,33.700000
2050_HS,AUTOTOT,o,122,110.400000,58.300000
2050_HS,AUTOTOT,o,124,62.400000,57.100000
2050_HS,AUTOTOT,o,125,70.700000,49.300000
2050_HS,AUTOTOT,o,126,13.900000,11.100000
2050_HS,AUTOTOT,o,127,28.900000,32.200000
2050_HS,AUTOTOT,o,128,35.900000,21.200000
2050_HS,AUTOTOT,o,130,93.700000,96.500000
2050_HS,AUTOTOT,o,131,35.400000,33.600000
2050_HS,AUTOTOT,o,132,1.200000,1.200000
2050_HS,AUTOTOT,o,135,35.500000,27.800000
2050_HS,AUTOTOT,o,136,4.400000,5.700000
2050_HS,AUTOTOT,o,137,29.500000,25.100000
2050_HS,AUTOTOT,o,138,18.000000,15.600000
2050_HS,AUTOTOT,o,139,425.500009,447.200009
2050_HS,AUTOTOT,o,140,174.700001,194.200002
2050_HS,AUTOTOT,o,141,98.500000,118.000000
2050_HS,AUTOTOT,o,143,40.800000,47.400000
2050_HS,AUTOTOT,o,144,54.500000,56.500000
2050_HS,AUTOTOT,o,145,296.200006,208.900001
2050_HS,AUTOTOT,o,146,455.400002,207.200002
2050_HS,AUTOTOT,o,155,33.900000,15.500000
2050_HS,AUTOTOT,o,156,2.000000,5.500000
2050_HS,AUTOTOT,o,157,15.300000,6.100000
2050_HS,AUTOTOT,o,158,245.400005,262.100003
2050_HS,AUTOTOT,o,159,114.100001,118.500001
2050_HS,AUTOTOT,o,161,48.700001,14.200000
2050_HS,AUTOTOT,o,163,22.800000,3.400000
2050_HS,AUTOTOT,o,164,3.300000,1.300000
2050_HS,AUTOTOT,o,165,32.300000,20.100000
2050_HS,AUTOTOT,o,166,43.800000,18.600000
2050_HS,AUTOTOT,o,167,67.000000,29.100000
2050_HS,AUTOTOT,o,169,45.400000,15.400000
2050_HS,AUTOTOT,o,171,65.900001,23.500000
2050_HS,AUTOTOT,o,247,293.900007,292.800009
2050_HS,AUTOTOT,o,255,140.600001,143.200001
2050_HS,AUTOTOT,o,284,415.900007,386.200011
2050_HS,AUTOTOT,o,306,183.400002,157.600001
2050_HS,AUTOTOT,o,349,263.300002,279.800002
2050_HS,AUTOTOT,o,350,3.500000,3.400000
2050_HS,AUTOTOT,o,351,42.900000,10.700000
2050_HS,AUTOTOT,o,352,49.700000,28.900000
2050_HS,AUTOTOT,o,353,21.500000,31.300000
2050_HS,AUTOTOT,o,354,15.100000,9.600000
2050_HS,AUTOTOT,o,9101,4934.600045,5452.700085
2050_HS,AUTOTOT,o,9102,2133.100021,1748.900023
2050_HS,AUTOTOT,o,9103,598.100008,1414.400041
2050_HS,AUTOTOT,o,9104,1238.000008,1330.900019
2050_HS,AUTOTOT,o,9105,4102.500036,5127.900066
2050_HS,AUTOTOT,o,9106,2078.900051,2313.800039
2050_HS,AUTOTOT,o,9107,268.800003,348.200005
2050_HS,AUTOTOT,o,9108,756.000014,473.300007
2050_HS,AUTOTOT,o,9201,526.400006,503.700005
2050_HS,AUTOTOT,o,9202,2917.500047,2216.900025
2050_HS,AUTOTOT,o,9203,2787.600033,2634.500041
2050_HS,AUTOTOT,o,9204,415.300001,307.000001
2050_HS,AUTOTOT,o,9205,1338.100005,1269.100003
2050_HS,AUTOTOT,o,9206,524.900004,609.199995
2050_HS,AUTOTOT,o,9207,2930.900010,2332.500029
2050_HS,AUTOTOT,o,9208,742.500004,742.200010
2050_HS,AUTOTOT,o,9209,8254.800114,7974.200064
2050_HS,AUTOTOT,o,9210,1079.500013,962.600011
2050_HS,AUTOTOT,o,9301,5036.600063,4299.500048
2050_HS,AUTOTOT,o,9302,944.100021,1053.100025
2050_HS,AUTOTOT,o,9303,3199.100046,3208.500046
2050_HS,AUTOTOT,o,9304,4295.700058,3863.900062
2050_HS,AUTOTOT,p,100,65.500000,9.500000
2050_HS,AUTOTOT,p,101,43.700000,6.900000
2050_HS,AUTOTOT,p,102,836.400019,15.000000
2050_HS,AUTOTOT,p,105,74.800000,28.800000
2050_HS,AUTOTOT,p,106,306.700001,132.700000
2050_HS,AUTOTOT,p,107,296.400000,136.400000
2050_HS,AUTOTOT,p,112,163.300003,24.600000
2050_HS,AUTOTOT,p,113,471.600015,43.300000
2050_HS,AUTOTOT,p,114,56.500001,10.800000
2050_HS,AUTOTOT,p,116,113.700002,7.400000
2050_HS,AUTOTOT,p,117,203.700003,76.600000
2050_HS,AUTOTOT,p,118,137.800004,10.700000
2050_HS,AUTOTOT,p,119,399.400005,19.000000
2050_HS,AUTOTOT,p,120,125.000001,16.100000
2050_HS,AUTOTOT,p,122,285.000005,19.400000
2050_HS,AUTOTOT,p,124,91.000000,20.900000
2050_HS,AUTOTOT,p,125,130.600001,15.500000
2050_HS,AUTOTOT,p,126,35.800000,4.900000
2050_HS,AUTOTOT,p,127,46.900000,8.700000
2050_HS,AUTOTOT,p,128,85.400001,7.200000
2050_HS,AUTOTOT,p,130,123.000000,29.300000
2050_HS,AUTOTOT,p,131,72.000000,9.400000
2050_HS,AUTOTOT,p,132,1.400000,0.100000
2050_HS,AUTOTOT,p,135,96.400002,11.700000
2050_HS,AUTOTOT,p,136,5.600000,1.300000
2050_HS,AUTOTOT,p,137,72.900000,9.600000
2050_HS,AUTOTOT,p,138,39.300000,13.900000
2050_HS,AUTOTOT,p,139,401.200011,149.900002
2050_HS,AUTOTOT,p,140,137.600000,65.200000
2050_HS,AUTOTOT,p,141,73.100000,29.500000
2050_HS,AUTOTOT,p,143,47.500000,28.800000
2050_HS,AUTOTOT,p,144,46.200000,31.400000
2050_HS,AUTOTOT,p,145,307.500005,23.700000
2050_HS,AUTOTOT,p,146,678.900009,33.300000
2050_HS,AUTOTOT,p,155,103.000001,5.200000
2050_HS,AUTOTOT,p,156,5.400000,2.600000
2050_HS,AUTOTOT,p,157,38.100000,1.900000
2050_HS,AUTOTOT,p,158,240.100001,68.000000
2050_HS,AUTOTOT,p,159,99.600000,26.100000
2050_HS,AUTOTOT,p,161,114.499999,6.000000
2050_HS,AUTOTOT,p,163,55.000001,0.500000
2050_HS,AUTOTOT,p,164,9.800000,0.400000
2050_HS,AUTOTOT,p,165,65.300000,10.800000
2050_HS,AUTOTOT,p,166,107.700000,8.900000
2050_HS,AUTOTOT,p,167,172.600006,8.200000
2050_HS,AUTOTOT,p,169,98.400001,7.000000
2050_HS,AUTOTOT,p,171,148.200003,8.400000
2050_HS,AUTOTOT,p,247,278.500004,134.299999
2050_HS,AUTOTOT,p,255,156.400003,65.300000
2050_HS,AUTOTOT,p,284,511.300015,176.900001
2050_HS,AUTOTOT,p,306,249.800003,66.700002
2050_HS,AUTOTOT,p,349,197.400001,70.900000
2050_HS,AUTOTOT,p,350,3.000000,1.500000
2050_HS,AUTOTOT,p,351,100.699999,3.200000
2050_HS,AUTOTOT,p,352,126.300002,10.600000
2050_HS,AUTOTOT,p,353,60.500000,12.500000
2050_HS,AUTOTOT,p,354,30.700000,5.700000
2050_HS,AUTOTOT,p,9101,4483.600073,7015.600082
2050_HS,AUTOTOT,p,9102,1395.900020,2580.600024
2050_HS,AUTOTOT,p,9103,575.500007,1770.000026
2050_HS,AUTOTOT,p,9104,799.100012,2036.300026
2050_HS,AUTOTOT,p,9105,2661.400031,7460.100140
2050_HS,AUTOTOT,p,9106,903.200015,3652.500033
2050_HS,AUTOTOT,p,9107,245.600001,600.800005
2050_HS,AUTOTOT,p,9108,1554.300012,645.100000
2050_HS,AUTOTOT,p,9201,468.900010,961.000019
2050_HS,AUTOTOT,p,9202,2639.700036,3795.500040
2050_HS,AUTOTOT,p,9203,2549.100026,3396.700040
2050_HS,AUTOTOT,p,9204,622.900002,541.900002
2050_HS,AUTOTOT,p,9205,1399.100011,1920.600017
2050_HS,AUTOTOT,p,9206,655.400017,935.200017
2050_HS,AUTOTOT,p,9207,3722.400052,3109.000049
2050_HS,AUTOTOT,p,9208,759.700004,705.300008
2050_HS,AUTOTOT,p,9209,9566.200156,7329.700099
2050_HS,AUTOTOT,p,9210,1325.800015,876.700008
2050_HS,AUTOTOT,p,9301,4107.500065,5020.000060
2050_HS,AUTOTOT,p,9302,1051.500030,1073.700006
2050_HS,AUTOTOT,p,9303,2597.700023,4169.000062
2050_HS,AUTOTOT,p,9304,3037.400042,5075.400064
2050_HS,PRKRTotDemand,a,9101,159.661026,211.763253
2050_HS,PRKRTotDemand,a,9102,85.131768,152.458147
2050_HS,PRKRTotDemand,a,9103,31.453171,0.000000
2050_HS,PRKRTotDemand,a,9104,64.131049,0.000000
2050_HS,PRKRTotDemand,a,9105,171.713879,0.000000
2050_HS,PRKRTotDemand,a,9106,17.964838,32.658369
2050_HS,PRKRTotDemand,a,9107,20.377644,0.000000
2050_HS,PRKRTotDemand,a,9108,17.764627,5.866585
2050_HS,PRKRTotDemand,a,9151,0.000000,456.775928
2050_HS,PRKRTotDemand,a,9152,0.000000,87.649597
2050_HS,PRKRTotDemand,a,9201,30.064090,0.000000
2050_HS,PRKRTotDemand,a,9202,132.561687,0.000000
2050_HS,PRKRTotDemand,a,9203,98.127705,66.279790
2050_HS,PRKRTotDemand,a,9204,26.834586,0.000000
2050_HS,PRKRTotDemand,a,9205,107.725815,46.996289
2050_HS,PRKRTotDemand,a,9206,8.621953,0.000000
2050_HS,PRKRTotDemand,a,9207,82.309971,5.763681
2050_HS,PRKRTotDemand,a,9208,8.126406,0.000000
2050_HS,PRKRTotDemand,a,9209,125.296088,170.370601
2050_HS,PRKRTotDemand,a,9210,11.611635,10.892790
2050_HS,PRKRTotDemand,a,9251,0.000000,1321.749251
2050_HS,PRKRTotDemand,a,9252,0.000000,113.934163
2050_HS,PRKRTotDemand,a,9301,153.298135,63.725049
2050_HS,PRKRTotDemand,a,9302,20.521747,196.499609
2050_HS,PRKRTotDemand,a,9303,70.579259,202.512244
2050_HS,PRKRTotDemand,a,9304,128.578706,177.182021
2050_HS,PRKRTotDemand,a,9351,0.000000,298.330746
2050_HS,PRKRTotDemand,a,9352,0.000000,324.963592
2050_HS,TransitTotDemand,a,100,0.000000,2.433019
2050_HS,TransitTotDemand,a,101,0.000000,1.211718
2050_HS,TransitTotDemand,a,102,0.000000,98.944991
2050_HS,TransitTotDemand,a,105,0.000000,4.975193
2050_HS,TransitTotDemand,a,106,0.000000,8.056009
2050_HS,TransitTotDemand,a,107,0.000000,8.188626
2050_HS,TransitTotDemand,a,112,0.000000,4.426967
2050_HS,TransitTotDemand,a,113,0.000000,53.781623
2050_HS,TransitTotDemand,a,114,0.000000,4.885906
2050_HS,TransitTotDemand,a,116,0.000000,3.140081
2050_HS,TransitTotDemand,a,117,0.000000,12.188886
2050_HS,TransitTotDemand,a,118,0.000000,10.536004
2050_HS,TransitTotDemand,a,119,0.000000,16.832590
2050_HS,TransitTotDemand,a,120,0.000000,12.060156
2050_HS,TransitTotDemand,a,122,0.000000,22.877104
2050_HS,TransitTotDemand,a,124,0.000000,2.443598
2050_HS,TransitTotDemand,a,125,0.000000,4.061584
2050_HS,TransitTotDemand,a,126,0.000000,2.234293
2050_HS,TransitTotDemand,a,127,0.000000,2.391762
2050_HS,TransitTotDemand,a,128,0.000000,9.451529
2050_HS,TransitTotDemand,a,130,0.000000,5.889840
2050_HS,TransitTotDemand,a,131,0.000000,4.821841
2050_HS,TransitTotDemand,a,132,0.000000,0.227686
2050_HS,TransitTotDemand,a,135,0.000000,1.829387
2050_HS,TransitTotDemand,a,136,0.000000,0.288020
2050_HS,TransitTotDemand,a,137,0.000000,1.720882
2050_HS,TransitTotDemand,a,138,0.000000,1.375216
2050_HS,TransitTotDemand,a,139,0.000000,15.745593
2050_HS,TransitTotDemand,a,140,0.000000,5.955604
2050_HS,TransitTotDemand,a,141,0.000000,3.709370
2050_HS,TransitTotDemand,a,143,0.000000,1.485681
2050_HS,TransitTotDemand,a,144,0.000000,2.113044
2050_HS,TransitTotDemand,a,145,0.000000,33.694608
2050_HS,TransitTotDemand,a,146,0.000000,59.645297
2050_HS,TransitTotDemand,a,155,0.000000,3.098898
2050_HS,TransitTotDemand,a,156,0.000000,0.102749
2050_HS,TransitTotDemand,a,157,0.000000,1.945876
2050_HS,TransitTotDemand,a,158,0.000000,10.945126
2050_HS,TransitTotDemand,a,159,0.000000,4.933216
2050_HS,TransitTotDemand,a,161,0.000000,4.943144
2050_HS,TransitTotDemand,a,163,0.000000,1.947658
2050_HS,TransitTotDemand,a,164,0.000000,0.305976
2050_HS,TransitTotDemand,a,165,0.000000,5.528011
2050_HS,TransitTotDemand,a,166,0.000000,10.007928
2050_HS,TransitTotDemand,a,167,0.000000,4.125330
2050_HS,TransitTotDemand,a,169,0.000000,4.335683
2050_HS,TransitTotDemand,a,171,0.000000,3.381001
2050_HS,TransitTotDemand,a,247,0.000000,14.036436
2050_HS,TransitTotDemand,a,255,0.000000,20.086713
2050_HS,TransitTotDemand,a,284,0.000000,56.706322
2050_HS,TransitTotDemand,a,306,0.000000,29.730596
2050_HS,TransitTotDemand,a,349,0.000000,9.132914
2050_HS,TransitTotDemand,a,350,0.000000,0.209132
2050_HS,TransitTotDemand,a,351,0.000000,3.665774
2050_HS,TransitTotDemand,a,352,0.000000,4.086409
2050_HS,TransitTotDemand,a,353,0.000000,2.067207
2050_HS,TransitTotDemand,a,354,0.000000,1.384911
2050_HS,TransitTotDemand,a,9101,1141.522983,765.137557
2050_HS,TransitTotDemand,a,9102,816.985743,512.170221
2050_HS,TransitTotDemand,a,9103,31.453171,0.000000
2050_HS,TransitTotDemand,a,9104,171.873924,75.215610
2050_HS,TransitTotDemand,a,9105,171.713879,0.000000
2050_HS,TransitTotDemand,a,9106,252.649776,206.145194
2050_HS,TransitTotDemand,a,9107,20.377644,0.000000
2050_HS,TransitTotDemand,a,9108,65.701839,19.555255
2050_HS,TransitTotDemand,a,9151,36419.919602,4238.316741
2050_HS,TransitTotDemand,a,9152,2168.670466,351.621351
2050_HS,TransitTotDemand,a,9201,30.064090,0.000000
2050_HS,TransitTotDemand,a,9202,132.561687,0.000000
2050_HS,TransitTotDemand,a,9203,877.187218,263.809116
2050_HS,TransitTotDemand,a,9204,26.834586,0.000000
2050_HS,TransitTotDemand,a,9205,1406.353477,231.892533
2050_HS,TransitTotDemand,a,9206,8.621953,0.000000
2050_HS,TransitTotDemand,a,9207,1010.918586,1322.230521
2050_HS,TransitTotDemand,a,9208,8.126406,0.000000
2050_HS,TransitTotDemand,a,9209,1357.181892,564.086918
2050_HS,TransitTotDemand,a,9210,155.818333,46.752871
2050_HS,TransitTotDemand,a,9251,10967.138175,12235.605087
2050_HS,TransitTotDemand,a,9252,3650.554045,1513.813908
2050_HS,TransitTotDemand,a,9301,465.304237,244.091341
2050_HS,TransitTotDemand,a,9302,807.299974,718.594027
2050_HS,TransitTotDemand,a,9303,749.287939,1184.032726
2050_HS,TransitTotDemand,a,9304,1529.582422,1126.215596
2050_HS,TransitTotDemand,a,9351,17142.100908,2038.209704
2050_HS,TransitTotDemand,a,9352,10457.193762,2058.868216
2050_HS,TransitTotDemand,o,100,0.000000,22.401332
2050_HS,TransitTotDemand,o,101,0.000000,18.320386
2050_HS,TransitTotDemand,o,102,0.000000,694.621321
2050_HS,TransitTotDemand,o,105,0.000000,52.406242
2050_HS,TransitTotDemand,o,106,0.000000,376.148032
2050_HS,TransitTotDemand,o,107,0.000000,346.825944
2050_HS,TransitTotDemand,o,112,0.000000,82.535139
2050_HS,TransitTotDemand,o,113,0.000000,340.813961
2050_HS,TransitTotDemand,o,114,0.000000,31.760125
2050_HS,TransitTotDemand,o,116,0.000000,42.638964
2050_HS,TransitTotDemand,o,117,0.000000,150.715638
2050_HS,TransitTotDemand,o,118,0.000000,48.162223
2050_HS,TransitTotDemand,o,119,0.000000,138.089927
2050_HS,TransitTotDemand,o,120,0.000000,54.721600
2050_HS,TransitTotDemand,o,122,0.000000,110.436495
2050_HS,TransitTotDemand,o,124,0.000000,62.401070
2050_HS,TransitTotDemand,o,125,0.000000,70.690092
2050_HS,TransitTotDemand,o,126,0.000000,13.952433
2050_HS,TransitTotDemand,o,127,0.000000,28.821389
2050_HS,TransitTotDemand,o,128,0.000000,35.911740
2050_HS,TransitTotDemand,o,130,0.000000,93.753065
2050_HS,TransitTotDemand,o,131,0.000000,35.362640
2050_HS,TransitTotDemand,o,132,0.000000,1.237390
2050_HS,TransitTotDemand,o,135,0.000000,35.449595
2050_HS,TransitTotDemand,o,136,0.000000,4.423976
2050_HS,TransitTotDemand,o,137,0.000000,29.497380
2050_HS,TransitTotDemand,o,138,0.000000,18.042168
2050_HS,TransitTotDemand,o,139,0.000000,425.426602
2050_HS,TransitTotDemand,o,140,0.000000,174.782274
2050_HS,TransitTotDemand,o,141,0.000000,98.412134
2050_HS,TransitTotDemand,o,143,0.000000,40.833921
2050_HS,TransitTotDemand,o,144,0.000000,54.488792
2050_HS,TransitTotDemand,o,145,0.000000,296.260411
2050_HS,TransitTotDemand,o,146,0.000000,455.336294
2050_HS,TransitTotDemand,o,155,0.000000,33.955969
2050_HS,TransitTotDemand,o,156,0.000000,1.920588
2050_HS,TransitTotDemand,o,157,0.000000,15.320228
2050_HS,TransitTotDemand,o,158,0.000000,245.386633
2050_HS,TransitTotDemand,o,159,0.000000,114.092190
2050_HS,TransitTotDemand,o,161,0.000000,48.711946
2050_HS,TransitTotDemand,o,163,0.000000,22.799533
2050_HS,TransitTotDemand,o,164,0.000000,3.283940
2050_HS,TransitTotDemand,o,165,0.000000,32.327539
2050_HS,TransitTotDemand,o,166,0.000000,43.780273
2050_HS,TransitTotDemand,o,167,0.000000,67.002965
2050_HS,TransitTotDemand,o,169,0.000000,45.414503
2050_HS,TransitTotDemand,o,171,0.000000,65.947199
2050_HS,TransitTotDemand,o,247,0.000000,293.869791
2050_HS,TransitTotDemand,o,255,0.000000,140.609833
2050_HS,TransitTotDemand,o,284,0.000000,415.877979
2050_HS,TransitTotDemand,o,306,0.000000,183.440488
2050_HS,TransitTotDemand,o,349,0.000000,263.260337
2050_HS,TransitTotDemand,o,350,0.000000,3.550920
2050_HS,TransitTotDemand,o,351,0.000000,42.864645
2050_HS,TransitTotDemand,o,352,0.000000,49.691381
2050_HS,TransitTotDemand,o,353,0.000000,21.525447
2050_HS,TransitTotDemand,o,354,0.000000,15.102365
2050_HS,TransitTotDemand,o,9101,684.094447,474.006860
2050_HS,TransitTotDemand,o,9102,259.881122,128.947325
2050_HS,TransitTotDemand,o,9104,84.987429,39.628887
2050_HS,TransitTotDemand,o,9106,160.233503,77.856958
2050_HS,TransitTotDemand,o,9108,13.286920,4.230348
2050_HS,TransitTotDemand,o,9151,8960.235401,7530.395841
2050_HS,TransitTotDemand,o,9152,404.655947,353.683629
2050_HS,TransitTotDemand,o,9203,230.007738,128.432114
2050_HS,TransitTotDemand,o,9205,1124.338073,47.717490
2050_HS,TransitTotDemand,o,9207,304.808376,1232.841210
2050_HS,TransitTotDemand,o,9209,361.949183,245.587828
2050_HS,TransitTotDemand,o,9210,25.677051,21.670127
2050_HS,TransitTotDemand,o,9251,6274.907143,4627.292339
2050_HS,TransitTotDemand,o,9252,968.997054,571.907173
2050_HS,TransitTotDemand,o,9301,143.787437,26.105762
2050_HS,TransitTotDemand,o,9302,661.290971,503.737771
2050_HS,TransitTotDemand,o,9303,252.344492,385.317290
2050_HS,TransitTotDemand,o,9304,1149.850403,2798.700650
2050_HS,TransitTotDemand,o,9351,3954.610259,2737.872435
2050_HS,TransitTotDemand,o,9352,1795.740552,1207.603670
2050_HS,TransitTotDemand,p,100,0.000000,65.454049
2050_HS,TransitTotDemand,p,101,0.000000,43.790323
2050_HS,TransitTotDemand,p,102,0.000000,836.317357
2050_HS,TransitTotDemand,p,105,0.000000,74.838003
2050_HS,TransitTotDemand,p,106,0.000000,306.700653
2050_HS,TransitTotDemand,p,107,0.000000,296.404619
2050_HS,TransitTotDemand,p,112,0.000000,163.274726
2050_HS,TransitTotDemand,p,113,0.000000,471.652425
2050_HS,TransitTotDemand,p,114,0.000000,56.506754
2050_HS,TransitTotDemand,p,116,0.000000,113.704596
2050_HS,TransitTotDemand,p,117,0.000000,203.679099
2050_HS,TransitTotDemand,p,118,0.000000,137.756353
2050_HS,TransitTotDemand,p,119,0.000000,399.399400
2050_HS,TransitTotDemand,p,120,0.000000,125.046216
2050_HS,TransitTotDemand,p,122,0.000000,284.936323
2050_HS,TransitTotDemand,p,124,0.000000,91.061087
2050_HS,TransitTotDemand,p,125,0.000000,130.622326
2050_HS,TransitTotDemand,p,126,0.000000,35.805424
2050_HS,TransitTotDemand,p,127,0.000000,46.878177
2050_HS,TransitTotDemand,p,128,0.000000,85.414235
2050_HS,TransitTotDemand,p,130,0.000000,122.983302
2050_HS,TransitTotDemand,p,131,0.000000,71.986635
2050_HS,TransitTotDemand,p,132,0.000000,1.399550
2050_HS,TransitTotDemand,p,135,0.000000,96.402226
2050_HS,TransitTotDemand,p,136,0.000000,5.545578
2050_HS,TransitTotDemand,p,137,0.000000,72.940011
2050_HS,TransitTotDemand,p,138,0.000000,39.332188
2050_HS,TransitTotDemand,p,139,0.000000,401.125637
2050_HS,TransitTotDemand,p,140,0.000000,137.673736
2050_HS,TransitTotDemand,p,141,0.000000,73.026055
2050_HS,TransitTotDemand,p,143,0.000000,47.559417
2050_HS,TransitTotDemand,p,144,0.000000,46.164608
2050_HS,TransitTotDemand,p,145,0.000000,307.565734
2050_HS,TransitTotDemand,p,146,0.000000,678.875613
2050_HS,TransitTotDemand,p,155,0.000000,102.935846
2050_HS,TransitTotDemand,p,156,0.000000,5.428837
2050_HS,TransitTotDemand,p,157,0.000000,38.084417
2050_HS,TransitTotDemand,p,158,0.000000,240.135064
2050_HS,TransitTotDemand,p,159,0.000000,99.612354
2050_HS,TransitTotDemand,p,161,0.000000,114.434267
2050_HS,TransitTotDemand,p,163,0.000000,55.061514
2050_HS,TransitTotDemand,p,164,0.000000,9.745244
2050_HS,TransitTotDemand,p,165,0.000000,65.302065
2050_HS,TransitTotDemand,p,166,0.000000,107.772738
2050_HS,TransitTotDemand,p,167,0.000000,172.530703
2050_HS,TransitTotDemand,p,169,0.000000,98.453164
2050_HS,TransitTotDemand,p,171,0.000000,148.228041
2050_HS,TransitTotDemand,p,247,0.000000,278.414020
2050_HS,TransitTotDemand,p,255,0.000000,156.486762
2050_HS,TransitTotDemand,p,284,0.000000,511.218373
2050_HS,TransitTotDemand,p,306,0.000000,249.826551
2050_HS,TransitTotDemand,p,349,0.000000,197.434507
2050_HS,TransitTotDemand,p,350,0.000000,2.944788
2050_HS,TransitTotDemand,p,351,0.000000,100.713401
2050_HS,TransitTotDemand,p,352,0.000000,126.274516
2050_HS,TransitTotDemand,p,353,0.000000,60.548796
2050_HS,TransitTotDemand,p,354,0.000000,30.657972
2050_HS,TransitTotDemand,p,9101,646.274485,497.199231
2050_HS,TransitTotDemand,p,9102,411.636487,186.764204
2050_HS,TransitTotDemand,p,9104,103.604670,55.549791
2050_HS,TransitTotDemand,p,9106,176.854423,98.134242
2050_HS,TransitTotDemand,p,9108,13.945790,5.041660
2050_HS,TransitTotDemand,p,9151,4825.854998,14184.248803
2050_HS,TransitTotDemand,p,9152,297.878519,707.991987
2050_HS,TransitTotDemand,p,9203,201.028651,251.399206
2050_HS,TransitTotDemand,p,9205,1556.370419,53.674952
2050_HS,TransitTotDemand,p,9207,422.889571,1826.038888
2050_HS,TransitTotDemand,p,9209,486.984040,334.844527
2050_HS,TransitTotDemand,p,9210,22.947998,29.572310
2050_HS,TransitTotDemand,p,9251,11442.013230,4177.178621
2050_HS,TransitTotDemand,p,9252,1694.639527,572.256408
2050_HS,TransitTotDemand,p,9301,154.884159,219.736712
2050_HS,TransitTotDemand,p,9302,776.895889,438.525349
2050_HS,TransitTotDemand,p,9303,379.145234,519.970184
2050_HS,TransitTotDemand,p,9304,820.716818,1550.987347
2050_HS,TransitTotDemand,p,9351,2407.424353,5122.540160
2050_HS,TransitTotDemand,p,9352,1248.501554,3286.304435
