scenario,scenario_dir,matrix,period,period_label,trips_in_csv,trips_in_in_file,trips_off_taz,pct_in_csv,intrazonal_trips,pct_intrazonal,nonzero_cells,pct_cells_filled
2018,2018,AUTOTOT,a,AM,493916.5031,556994.6038,63078.1007,88.6753,22101.1003,4.4747,756283,44.0699
2018,2018,AUTOTOT,o,Offpeak,269770.2009,312647.6012,42877.4003,86.2857,11697.2001,4.3360,643260,37.4838
2018,2018,AUTOTOT,p,PM,434238.9021,482670.5024,48431.6004,89.9659,27066.7004,6.2331,836795,48.7614
2018,2018,PRKRTotDemand,a,AM,10405.3579,12082.8713,1677.5135,86.1166,0.0000,0.0000,153285,8.9322
2018,2018,PRKRTotDemand,o,Offpeak,2357.1876,2357.1876,0.0000,100.0000,0.0000,0.0000,90633,5.2813
2018,2018,PRKRTotDemand,p,PM,683.9489,683.9489,0.0000,100.0000,0.0000,0.0000,26621,1.5512
2018,2018,TransitTotDemand,a,AM,95179.0907,116740.6100,21561.5193,81.5304,4596.9566,4.8298,455240,26.5276
2018,2018,TransitTotDemand,o,Offpeak,60410.2205,71793.6101,11383.3897,84.1443,3911.7263,6.4753,577602,33.6578
2018,2018,TransitTotDemand,p,PM,72015.5021,87506.9808,15491.4787,82.2969,5298.3885,7.3573,530004,30.8842
2050_BU,2050_BU,AUTOTOT,a,AM,572469.2039,718378.8057,145909.6017,79.6890,33002.7004,5.7650,812633,47.3535
2050_BU,2050_BU,AUTOTOT,o,Offpeak,337425.6015,433653.5026,96227.9011,77.8100,17246.5003,5.1112,732668,42.6938
2050_BU,2050_BU,AUTOTOT,p,PM,529048.3030,637896.7042,108848.4012,82.9364,41062.3006,7.7615,927750,54.0615
2050_BU,2050_BU,PRKRTotDemand,a,AM,34608.2034,41320.2150,6712.0116,83.7561,0.0000,0.0000,297406,17.3303
2050_BU,2050_BU,PRKRTotDemand,o,Offpeak,11596.5851,11596.5851,0.0000,100.0000,0.0000,0.0000,258703,15.0751
2050_BU,2050_BU,PRKRTotDemand,p,PM,3939.2846,3939.2846,0.0000,100.0000,0.0000,0.0000,111240,6.4821
2050_BU,2050_BU,TransitTotDemand,a,AM,291570.3005,392254.5115,100684.2109,74.3319,8543.4475,2.9302,862681,50.2699
2050_BU,2050_BU,TransitTotDemand,o,Offpeak,157365.3050,200088.0449,42722.7400,78.6480,7084.1308,4.5017,981014,57.1653
2050_BU,2050_BU,TransitTotDemand,p,PM,189615.9501,251884.9006,62268.9505,75.2788,8953.5876,4.7220,929539,54.1658
2050_SP,2050_HS,AUTOTOT,a,AM,578658.8039,726172.1057,147513.3018,79.6862,32728.1005,5.6559,818889,47.7180
2050_SP,2050_HS,AUTOTOT,o,Offpeak,340301.4014,443529.9027,103228.5012,76.7257,16801.8003,4.9373,740394,43.1440
2050_SP,2050_HS,AUTOTOT,p,PM,536320.3031,647805.5045,111485.2014,82.7903,40905.5007,7.6271,937660,54.6390
2050_SP,2050_HS,PRKRTotDemand,a,AM,35306.6209,40825.4484,5518.8275,86.4819,0.0000,0.0000,308384,17.9700
2050_SP,2050_HS,PRKRTotDemand,o,Offpeak,11508.1339,11508.1339,0.0000,100.0000,0.0000,0.0000,264945,15.4388
2050_SP,2050_HS,PRKRTotDemand,p,PM,3995.1980,3995.1980,0.0000,100.0000,0.0000,0.0000,114526,6.6736
2050_SP,2050_HS,TransitTotDemand,a,AM,299938.7182,410393.1880,110454.4698,73.0857,8448.9443,2.8169,882203,51.4074
2050_SP,2050_HS,TransitTotDemand,o,Offpeak,159847.2474,211989.3542,52142.1068,75.4034,6768.8809,4.2346,994764,57.9666
2050_SP,2050_HS,TransitTotDemand,p,PM,194310.6699,257115.4665,62804.7966,75.5733,8684.6674,4.4695,948312,55.2597
